-- --------------------------------------------------------
-- 호스트:                          127.0.0.1
-- 서버 버전:                        10.4.32-MariaDB - mariadb.org binary distribution
-- 서버 OS:                        Win64
-- HeidiSQL 버전:                  12.7.0.6850
-- --------------------------------------------------------

/*!40101 SET @OLD_CHARACTER_SET_CLIENT=@@CHARACTER_SET_CLIENT */;
/*!40101 SET NAMES utf8 */;
/*!50503 SET NAMES utf8mb4 */;
/*!40103 SET @OLD_TIME_ZONE=@@TIME_ZONE */;
/*!40103 SET TIME_ZONE='+00:00' */;
/*!40014 SET @OLD_FOREIGN_KEY_CHECKS=@@FOREIGN_KEY_CHECKS, FOREIGN_KEY_CHECKS=0 */;
/*!40101 SET @OLD_SQL_MODE=@@SQL_MODE, SQL_MODE='NO_AUTO_VALUE_ON_ZERO' */;
/*!40111 SET @OLD_SQL_NOTES=@@SQL_NOTES, SQL_NOTES=0 */;

-- 테이블 movie_book.cancellations 구조 내보내기
CREATE TABLE IF NOT EXISTS `cancellations` (
  `cancellation_id` int(11) NOT NULL AUTO_INCREMENT,
  `reservation_id` int(11) DEFAULT NULL,
  `cancellation_time` datetime NOT NULL,
  `refund_amount` decimal(10,2) DEFAULT NULL,
  `reason` text DEFAULT NULL,
  PRIMARY KEY (`cancellation_id`),
  KEY `reservation_id` (`reservation_id`),
  CONSTRAINT `cancellations_ibfk_1` FOREIGN KEY (`reservation_id`) REFERENCES `reservations` (`reservation_id`)
) ENGINE=InnoDB AUTO_INCREMENT=20 DEFAULT CHARSET=utf8mb4 COLLATE=utf8mb4_general_ci;

-- 테이블 데이터 movie_book.cancellations:~9 rows (대략적) 내보내기
INSERT INTO `cancellations` (`cancellation_id`, `reservation_id`, `cancellation_time`, `refund_amount`, `reason`) VALUES
	(1, 5, '2023-05-01 15:30:00', 10.50, '일정 변경'),
	(2, 17, '2023-05-02 09:45:00', 25.75, '비상 사태'),
	(3, 23, '2023-05-02 14:20:00', 5.00, '취향의 차이'),
	(4, 42, '2023-05-03 11:10:00', 12.00, '또다른 일정 변경'),
	(5, 65, '2023-05-03 16:55:00', 8.20, '불가피한 사정'),
	(6, 78, '2023-05-04 13:45:00', 18.75, '긴급 상황'),
	(7, 85, '2023-05-05 10:25:00', 30.00, '다른 계획 발생'),
	(8, 92, '2023-05-06 12:00:00', 15.50, '급박한 상황'),
	(9, 99, '2023-05-06 17:30:00', 22.40, '고려사항 변경');

-- 테이블 movie_book.movies 구조 내보내기
CREATE TABLE IF NOT EXISTS `movies` (
  `movie_id` int(11) NOT NULL AUTO_INCREMENT,
  `title` varchar(255) NOT NULL,
  `movie_desc` text DEFAULT NULL,
  `genre` varchar(50) DEFAULT NULL,
  `duration` int(11) NOT NULL,
  `release_date` date DEFAULT NULL,
  `rating` varchar(10) DEFAULT NULL,
  PRIMARY KEY (`movie_id`)
) ENGINE=InnoDB AUTO_INCREMENT=21 DEFAULT CHARSET=utf8mb4 COLLATE=utf8mb4_general_ci;

-- 테이블 데이터 movie_book.movies:~20 rows (대략적) 내보내기
INSERT INTO `movies` (`movie_id`, `title`, `movie_desc`, `genre`, `duration`, `release_date`, `rating`) VALUES
	(1, 'The Shining', 'A family heads to an isolated hotel for the winter where a sinister presence influences the father into violence.', 'Horror', 146, '1980-05-23', 'R'),
	(2, 'Misery', 'After a famous author is rescued from a car crash by a fan, he comes to realize that the care he is receiving is only the beginning of a nightmare.', 'Thriller', 107, '1990-11-30', 'R'),
	(3, 'It', 'In the summer of 1989, a group of bullied kids band together to destroy a shape-shifting monster that disguises itself as a clown and preys on the children of Derry, their small Maine town.', 'Horror', 135, '2017-09-08', 'R'),
	(4, 'Carrie', 'Carrie White, a shy and troubled teenage girl who is tormented by her peers, unleashes telekinetic terror on her small town after being pushed to her limit.', 'Horror', 98, '1976-11-03', 'R'),
	(5, 'The Green Mile', 'A gentle giant of a man is condemned to death row, where the head guard recognizes his rare gift.', 'Drama', 189, '1999-12-10', 'R'),
	(6, 'Stand by Me', 'After the death of one of his friends, a writer recounts a boyhood journey with his friends to find the body of a missing boy.', 'Drama', 89, '1986-08-22', 'R'),
	(7, 'The Dark Tower', 'The last Gunslinger, Roland Deschain, has been locked in an eternal battle with the Man in Black, determined to prevent him from toppling the Dark Tower, which holds the universe together.', 'Fantasy', 95, '2017-08-04', 'PG-13'),
	(8, '1408', 'A man who specializes in debunking paranormal occurrences checks into the fabled room 1408 in the Dolphin Hotel.', 'Horror', 104, '2007-06-22', 'PG-13'),
	(9, 'Doctor Sleep', 'Years following the events of "The Shining," a now-adult Dan Torrance must protect a young girl with similar powers from a cult known as The True Knot.', 'Horror', 152, '2019-11-08', 'R'),
	(10, 'Christine', 'A nerdish boy buys a strange car with an evil mind of its own and his nature starts to change to reflect it.', 'Horror', 110, '1983-12-09', 'R'),
	(11, 'Inception', 'A thief who steals corporate secrets through the use of dream-sharing technology is given the inverse task of planting an idea into the mind of a C.E.O.', 'Sci-Fi', 148, '2010-07-16', 'PG-13'),
	(12, 'Interstellar', 'A team of explorers travel through a wormhole in space in an attempt to ensure humanity\'s survival.', 'Sci-Fi', 169, '2014-11-07', 'PG-13'),
	(13, 'Dunkirk', 'Allied soldiers from Belgium, the British Empire, and France are surrounded by the German Army and evacuated during a fierce battle in World War II.', 'War', 106, '2017-07-21', 'PG-13'),
	(14, 'The Dark Knight', 'When the menace known as the Joker emerges from his mysterious past, he wreaks havoc and chaos on the people of Gotham.', 'Action', 152, '2008-07-18', 'PG-13'),
	(15, 'Memento', 'A man with short-term memory loss attempts to track down his wife\'s murderer.', 'Thriller', 113, '2000-10-11', 'R'),
	(16, 'The Prestige', 'After a tragic accident, two stage magicians engage in a battle to create the ultimate illusion while sacrificing everything they have to outwit each other.', 'Drama', 130, '2006-10-20', 'PG-13'),
	(17, 'Tenet', 'Armed with only one word, Tenet, and fighting for the survival of the world, a Protagonist journeys through a twilight world of international espionage on a mission that will unfold in something beyond real time.', 'Action', 150, '2020-09-03', 'PG-13'),
	(18, 'Insomnia', 'Two Los Angeles homicide detectives are dispatched to a northern town where the sun doesn\'t set to investigate the methodical murder of a local teen.', 'Thriller', 118, '2002-05-24', 'R'),
	(19, 'Batman Begins', 'After training with his mentor, Batman begins his fight to free crime-ridden Gotham City from corruption.', 'Action', 140, '2005-06-15', 'PG-13'),
	(20, 'Following', 'A young writer who follows strangers for material meets a thief who takes him under his wing.', 'Crime', 69, '1999-04-02', 'R');

-- 테이블 movie_book.payments 구조 내보내기
CREATE TABLE IF NOT EXISTS `payments` (
  `payment_id` int(11) NOT NULL AUTO_INCREMENT,
  `reservation_id` int(11) DEFAULT NULL,
  `amount` decimal(10,2) NOT NULL,
  `payment_method` varchar(50) DEFAULT NULL,
  `payment_time` datetime NOT NULL,
  PRIMARY KEY (`payment_id`),
  KEY `reservation_id` (`reservation_id`),
  CONSTRAINT `payments_ibfk_1` FOREIGN KEY (`reservation_id`) REFERENCES `reservations` (`reservation_id`)
) ENGINE=InnoDB AUTO_INCREMENT=75 DEFAULT CHARSET=utf8mb4 COLLATE=utf8mb4_general_ci;

-- 테이블 데이터 movie_book.payments:~74 rows (대략적) 내보내기
INSERT INTO `payments` (`payment_id`, `reservation_id`, `amount`, `payment_method`, `payment_time`) VALUES
	(1, 2, 57.50, '현금', '2023-05-01 07:52:00'),
	(2, 3, 11.11, '현금', '2023-05-01 11:41:00'),
	(3, 6, 16.49, '현금', '2023-05-01 01:52:00'),
	(4, 7, 48.82, '현금', '2023-05-01 13:38:00'),
	(5, 9, 40.11, '현금', '2023-05-01 00:29:00'),
	(6, 10, 21.07, '신용카드', '2023-05-01 10:11:00'),
	(7, 12, 32.14, '현금', '2023-05-01 02:02:00'),
	(8, 14, 32.57, '현금', '2023-05-01 08:00:00'),
	(9, 15, 17.41, '현금', '2023-05-01 05:08:00'),
	(10, 16, 43.22, '현금', '2023-05-01 15:13:00'),
	(11, 17, 17.50, '신용카드', '2023-05-01 17:54:00'),
	(12, 18, 13.46, '현금', '2023-05-01 01:53:00'),
	(13, 21, 34.50, '신용카드', '2023-05-01 07:18:00'),
	(14, 22, 26.14, '현금', '2023-05-01 12:36:00'),
	(15, 24, 39.60, '신용카드', '2023-05-01 11:23:00'),
	(16, 25, 41.91, '신용카드', '2023-05-01 10:06:00'),
	(17, 26, 13.64, '현금', '2023-05-01 00:34:00'),
	(18, 27, 39.61, '현금', '2023-05-01 12:12:00'),
	(19, 28, 30.86, '신용카드', '2023-05-01 00:35:00'),
	(20, 29, 28.84, '현금', '2023-05-01 17:04:00'),
	(21, 31, 53.78, '현금', '2023-05-01 09:19:00'),
	(22, 32, 53.61, '현금', '2023-05-01 04:07:00'),
	(23, 33, 16.75, '신용카드', '2023-05-01 17:42:00'),
	(24, 34, 22.51, '현금', '2023-05-01 04:39:00'),
	(25, 35, 28.64, '신용카드', '2023-05-01 14:15:00'),
	(26, 36, 13.29, '신용카드', '2023-05-01 15:04:00'),
	(27, 37, 19.73, '현금', '2023-05-01 19:46:00'),
	(28, 39, 49.99, '신용카드', '2023-05-01 15:18:00'),
	(29, 41, 46.30, '신용카드', '2023-05-01 09:58:00'),
	(30, 42, 34.31, '현금', '2023-05-01 04:24:00'),
	(31, 45, 24.58, '현금', '2023-05-01 02:22:00'),
	(32, 46, 19.74, '현금', '2023-05-01 10:15:00'),
	(33, 47, 45.32, '현금', '2023-05-01 16:54:00'),
	(34, 48, 22.39, '현금', '2023-05-01 15:25:00'),
	(35, 49, 47.30, '신용카드', '2023-05-01 16:58:00'),
	(36, 50, 59.58, '신용카드', '2023-05-01 01:40:00'),
	(37, 52, 19.08, '현금', '2023-05-01 14:55:00'),
	(38, 53, 47.73, '현금', '2023-05-01 08:17:00'),
	(39, 54, 33.24, '신용카드', '2023-05-01 00:15:00'),
	(40, 55, 50.87, '신용카드', '2023-05-01 15:58:00'),
	(41, 56, 52.11, '현금', '2023-05-01 11:01:00'),
	(42, 57, 25.47, '현금', '2023-05-01 10:47:00'),
	(43, 58, 10.73, '신용카드', '2023-05-01 04:43:00'),
	(44, 59, 50.56, '신용카드', '2023-05-01 06:13:00'),
	(45, 60, 35.31, '현금', '2023-05-01 09:34:00'),
	(46, 61, 39.71, '현금', '2023-05-01 17:54:00'),
	(47, 62, 53.47, '현금', '2023-05-01 13:58:00'),
	(48, 63, 35.40, '신용카드', '2023-05-01 14:01:00'),
	(49, 65, 18.39, '현금', '2023-05-01 03:40:00'),
	(50, 66, 45.30, '현금', '2023-05-01 15:32:00'),
	(51, 67, 57.42, '신용카드', '2023-05-01 04:10:00'),
	(52, 68, 50.43, '신용카드', '2023-05-01 13:23:00'),
	(53, 69, 14.46, '신용카드', '2023-05-01 18:27:00'),
	(54, 71, 24.95, '현금', '2023-05-01 14:46:00'),
	(55, 72, 35.51, '신용카드', '2023-05-01 03:02:00'),
	(56, 74, 47.44, '신용카드', '2023-05-01 03:57:00'),
	(57, 75, 16.13, '신용카드', '2023-05-01 14:34:00'),
	(58, 76, 39.28, '현금', '2023-05-01 19:02:00'),
	(59, 77, 36.69, '현금', '2023-05-01 09:19:00'),
	(60, 78, 54.46, '신용카드', '2023-05-01 11:27:00'),
	(61, 79, 45.88, '현금', '2023-05-01 04:02:00'),
	(62, 80, 29.87, '신용카드', '2023-05-01 14:14:00'),
	(63, 81, 30.81, '현금', '2023-05-01 09:36:00'),
	(64, 83, 38.14, '신용카드', '2023-05-01 03:37:00'),
	(65, 85, 49.18, '신용카드', '2023-05-01 10:27:00'),
	(66, 86, 34.44, '현금', '2023-05-01 18:20:00'),
	(67, 88, 57.61, '신용카드', '2023-05-01 04:04:00'),
	(68, 89, 58.99, '신용카드', '2023-05-01 10:12:00'),
	(69, 91, 44.08, '현금', '2023-05-01 06:48:00'),
	(70, 93, 13.51, '신용카드', '2023-05-01 08:50:00'),
	(71, 94, 20.85, '현금', '2023-05-01 02:58:00'),
	(72, 95, 33.10, '현금', '2023-05-01 18:46:00'),
	(73, 97, 14.88, '현금', '2023-05-01 01:26:00'),
	(74, 98, 26.97, '신용카드', '2023-05-01 07:52:00');

-- 테이블 movie_book.reservations 구조 내보내기
CREATE TABLE IF NOT EXISTS `reservations` (
  `reservation_id` int(11) NOT NULL AUTO_INCREMENT,
  `showtime_id` int(11) DEFAULT NULL,
  `seat_id` int(11) DEFAULT NULL,
  `user_id` int(11) DEFAULT NULL,
  `reservation_time` datetime NOT NULL,
  `pay_status` varchar(20) NOT NULL DEFAULT 'unpaid',
  PRIMARY KEY (`reservation_id`),
  KEY `showtime_id` (`showtime_id`),
  KEY `seat_id` (`seat_id`),
  KEY `user_id` (`user_id`),
  CONSTRAINT `reservations_ibfk_1` FOREIGN KEY (`showtime_id`) REFERENCES `showtimes` (`showtime_id`),
  CONSTRAINT `reservations_ibfk_2` FOREIGN KEY (`seat_id`) REFERENCES `seats` (`seat_id`),
  CONSTRAINT `reservations_ibfk_3` FOREIGN KEY (`user_id`) REFERENCES `users` (`user_id`) ON DELETE CASCADE ON UPDATE CASCADE
) ENGINE=InnoDB AUTO_INCREMENT=8701 DEFAULT CHARSET=utf8mb4 COLLATE=utf8mb4_general_ci;

-- 테이블 데이터 movie_book.reservations:~129 rows (대략적) 내보내기
INSERT INTO `reservations` (`reservation_id`, `showtime_id`, `seat_id`, `user_id`, `reservation_time`, `pay_status`) VALUES
	(1, 10, 1238, 5, '2024-07-12 15:22:06', 'pending'),
	(2, 8, 3589, 25, '2024-07-12 15:22:06', 'paid'),
	(3, 5, 2161, 17, '2024-07-12 15:22:06', 'paid'),
	(4, 14, 2814, 25, '2024-07-12 15:22:06', 'pending'),
	(5, 15, 3300, 37, '2024-07-12 15:22:06', 'pending'),
	(6, 18, 777, 24, '2024-07-12 15:22:06', 'paid'),
	(7, 12, 1610, 22, '2024-07-12 15:22:06', 'paid'),
	(8, 3, 1090, 42, '2024-07-12 15:22:06', 'pending'),
	(9, 2, 726, 5, '2024-07-12 15:22:06', 'paid'),
	(10, 11, 750, 31, '2024-07-12 15:22:06', 'paid'),
	(11, 5, 2244, 47, '2024-07-12 15:22:06', 'pending'),
	(12, 18, 563, 17, '2024-07-12 15:22:06', 'paid'),
	(13, 17, 233, 47, '2024-07-12 15:22:06', 'pending'),
	(14, 2, 563, 43, '2024-07-12 15:22:06', 'paid'),
	(15, 17, 83, 43, '2024-07-12 15:22:06', 'paid'),
	(16, 3, 1116, 30, '2024-07-12 15:22:06', 'paid'),
	(17, 9, 201, 28, '2024-07-12 15:22:06', 'paid'),
	(18, 3, 1111, 36, '2024-07-12 15:22:06', 'paid'),
	(19, 7, 3286, 25, '2024-07-12 15:22:06', 'pending'),
	(20, 9, 14, 44, '2024-07-12 15:22:06', 'pending'),
	(21, 1, 147, 7, '2024-07-12 15:22:06', 'paid'),
	(22, 4, 1825, 18, '2024-07-12 15:22:06', 'paid'),
	(23, 12, 1659, 42, '2024-07-12 15:22:06', 'pending'),
	(24, 3, 1116, 47, '2024-07-12 15:22:06', 'paid'),
	(25, 9, 195, 49, '2024-07-12 15:22:06', 'paid'),
	(26, 3, 1090, 11, '2024-07-12 15:22:06', 'paid'),
	(27, 9, 262, 47, '2024-07-12 15:22:06', 'paid'),
	(28, 13, 2195, 26, '2024-07-12 15:22:06', 'paid'),
	(29, 6, 2571, 10, '2024-07-12 15:22:06', 'paid'),
	(30, 5, 2119, 30, '2024-07-12 15:22:06', 'pending'),
	(31, 17, 63, 21, '2024-07-12 15:22:06', 'paid'),
	(32, 18, 563, 31, '2024-07-12 15:22:06', 'paid'),
	(33, 4, 1610, 5, '2024-07-12 15:22:06', 'paid'),
	(34, 15, 3277, 22, '2024-07-12 15:22:06', 'paid'),
	(35, 20, 1700, 48, '2024-07-12 15:22:06', 'paid'),
	(36, 7, 3230, 43, '2024-07-12 15:22:06', 'paid'),
	(37, 9, 83, 18, '2024-07-12 15:22:06', 'paid'),
	(38, 1, 139, 27, '2024-07-12 15:22:06', 'pending'),
	(39, 5, 2244, 34, '2024-07-12 15:22:06', 'paid'),
	(40, 12, 1700, 13, '2024-07-12 15:22:06', 'pending'),
	(41, 12, 1677, 30, '2024-07-12 15:22:06', 'paid'),
	(42, 1, 262, 35, '2024-07-12 15:22:06', 'paid'),
	(43, 11, 696, 26, '2024-07-12 15:22:06', 'pending'),
	(44, 12, 1677, 13, '2024-07-12 15:22:06', 'pending'),
	(45, 17, 233, 35, '2024-07-12 15:22:06', 'paid'),
	(46, 13, 2195, 34, '2024-07-12 15:22:06', 'paid'),
	(47, 20, 1605, 21, '2024-07-12 15:22:06', 'paid'),
	(48, 11, 752, 31, '2024-07-12 15:22:06', 'paid'),
	(49, 4, 1700, 36, '2024-07-12 15:22:06', 'paid'),
	(50, 17, 201, 36, '2024-07-12 15:22:06', 'paid'),
	(51, 18, 750, 4, '2024-07-12 15:22:06', 'unpaid'),
	(52, 13, 2195, 49, '2024-07-12 15:22:06', 'paid'),
	(53, 15, 3230, 25, '2024-07-12 15:22:06', 'paid'),
	(54, 17, 81, 22, '2024-07-12 15:22:06', 'paid'),
	(55, 7, 3214, 42, '2024-07-12 15:22:06', 'paid'),
	(56, 1, 262, 37, '2024-07-12 15:22:06', 'paid'),
	(57, 10, 1116, 24, '2024-07-12 15:22:06', 'paid'),
	(58, 9, 147, 5, '2024-07-12 15:22:06', 'paid'),
	(59, 20, 1754, 37, '2024-07-12 15:22:06', 'paid'),
	(60, 9, 147, 4, '2024-07-12 15:22:06', 'paid'),
	(61, 18, 726, 18, '2024-07-12 15:22:06', 'paid'),
	(62, 10, 1247, 18, '2024-07-12 15:22:06', 'paid'),
	(63, 7, 3094, 43, '2024-07-12 15:22:06', 'paid'),
	(64, 13, 2244, 44, '2024-07-12 15:22:06', 'pending'),
	(65, 19, 1090, 36, '2024-07-12 15:22:06', 'paid'),
	(66, 17, 147, 46, '2024-07-12 15:22:06', 'paid'),
	(67, 14, 2710, 22, '2024-07-12 15:22:06', 'paid'),
	(68, 17, 233, 37, '2024-07-12 15:22:06', 'paid'),
	(69, 9, 63, 13, '2024-07-12 15:22:06', 'paid'),
	(70, 5, 2119, 21, '2024-07-12 15:22:06', 'pending'),
	(71, 7, 3286, 21, '2024-07-12 15:22:06', 'paid'),
	(72, 3, 1306, 5, '2024-07-12 15:22:06', 'paid'),
	(73, 5, 2233, 22, '2024-07-12 15:22:06', 'pending'),
	(74, 5, 2216, 10, '2024-07-12 15:22:06', 'paid'),
	(75, 7, 3214, 26, '2024-07-12 15:22:06', 'paid'),
	(76, 10, 1247, 28, '2024-07-12 15:22:06', 'paid'),
	(77, 7, 3300, 22, '2024-07-12 15:22:06', 'paid'),
	(78, 17, 147, 27, '2024-07-12 15:22:06', 'paid'),
	(79, 9, 237, 46, '2024-07-12 15:22:06', 'paid'),
	(80, 4, 1825, 25, '2024-07-12 15:22:06', 'paid'),
	(81, 4, 1610, 48, '2024-07-12 15:22:06', 'paid'),
	(82, 1, 14, 18, '2024-07-12 15:22:06', 'pending'),
	(83, 9, 139, 42, '2024-07-12 15:22:06', 'paid'),
	(84, 7, 3094, 47, '2024-07-12 15:22:06', 'pending'),
	(85, 3, 1320, 7, '2024-07-12 15:22:06', 'paid'),
	(86, 2, 750, 31, '2024-07-12 15:22:06', 'paid'),
	(87, 5, 2233, 17, '2024-07-12 15:22:06', 'pending'),
	(88, 10, 1306, 13, '2024-07-12 15:22:06', 'paid'),
	(89, 4, 1677, 7, '2024-07-12 15:22:06', 'paid'),
	(90, 5, 2119, 28, '2024-07-12 15:22:06', 'pending'),
	(91, 6, 2762, 48, '2024-07-12 15:22:06', 'paid'),
	(92, 17, 139, 25, '2024-07-12 15:22:06', 'unpaid'),
	(93, 3, 1238, 21, '2024-07-12 15:22:06', 'paid'),
	(94, 17, 83, 27, '2024-07-12 15:22:06', 'paid'),
	(95, 17, 11, 7, '2024-07-12 15:22:06', 'paid'),
	(96, 3, 1306, 28, '2024-07-12 15:22:06', 'pending'),
	(97, 11, 752, 42, '2024-07-12 15:22:06', 'paid'),
	(98, 5, 2233, 31, '2024-07-12 15:22:06', 'paid'),
	(99, 1, 233, 37, '2024-07-12 15:22:06', 'pending'),
	(100, 4, 1659, 26, '2024-07-12 15:22:06', 'pending'),
	(8196, 11, 111, 50, '2024-07-16 14:30:59', 'paid'),
	(8197, 11, 72, 50, '2024-07-16 14:36:19', 'paid'),
	(8198, 5, 5, 50, '2024-07-16 16:02:27', 'paid'),
	(8199, 16, 8, 50, '2024-07-16 16:03:00', 'unpaid'),
	(8200, 5, 7, 50, '2024-07-16 16:04:43', 'paid'),
	(8201, 5, 8, 50, '2024-07-16 16:15:07', 'paid'),
	(8202, 1, 5, 50, '2024-07-16 16:15:19', 'paid'),
	(8203, 3, 5, 50, '2024-07-16 18:41:03', 'unpaid'),
	(8204, 3, 7, 50, '2024-07-16 19:03:02', 'unpaid'),
	(8205, 10, 5, 50, '2024-07-16 19:03:06', 'unpaid'),
	(8206, 3, 4, 50, '2024-07-16 19:05:57', 'unpaid'),
	(8207, 5, 3, 50, '2024-07-16 19:37:54', 'unpaid'),
	(8208, 3, 9, 50, '2024-07-16 19:40:26', 'unpaid'),
	(8209, 5, 12, 50, '2024-07-16 19:43:39', 'unpaid'),
	(8210, 3, 3, 50, '2024-07-16 19:46:33', 'unpaid'),
	(8211, 10, 3, 50, '2024-07-16 19:47:19', 'unpaid'),
	(8212, 1, 6, 50, '2024-07-16 19:48:10', 'unpaid'),
	(8213, 3, 12, 2, '2024-07-16 20:04:56', 'unpaid'),
	(8214, 9, 4, 50, '2024-07-16 20:37:11', 'unpaid'),
	(8215, 1, 7, 50, '2024-07-16 20:37:31', 'unpaid'),
	(8216, 11, 15, 50, '2024-07-16 20:37:43', 'unpaid'),
	(8217, 18, 3, 50, '2024-07-16 20:39:35', 'unpaid'),
	(8218, 17, 73, 50, '2024-07-16 20:45:20', 'unpaid'),
	(8219, 17, 169, 50, '2024-07-16 20:45:20', 'unpaid'),
	(8220, 17, 176, 50, '2024-07-16 20:45:20', 'unpaid'),
	(8221, 17, 195, 50, '2024-07-16 20:45:20', 'unpaid'),
	(8222, 17, 613, 50, '2024-07-16 20:45:20', 'unpaid'),
	(8223, 17, 701, 50, '2024-07-16 20:45:20', 'unpaid'),
	(8700, 2, 514, 29, '0000-00-00 00:00:00', 'unpaid');

-- 테이블 movie_book.seats 구조 내보내기
CREATE TABLE IF NOT EXISTS `seats` (
  `seat_id` int(11) NOT NULL AUTO_INCREMENT,
  `theater_id` int(11) DEFAULT NULL,
  `seat_number` varchar(10) NOT NULL,
  `seat_type` varchar(50) DEFAULT NULL,
  PRIMARY KEY (`seat_id`),
  KEY `theater_id` (`theater_id`),
  CONSTRAINT `seats_ibfk_1` FOREIGN KEY (`theater_id`) REFERENCES `theaters` (`theater_id`)
) ENGINE=InnoDB AUTO_INCREMENT=3628 DEFAULT CHARSET=utf8mb4 COLLATE=utf8mb4_general_ci;

-- 테이블 데이터 movie_book.seats:~2,150 rows (대략적) 내보내기
INSERT INTO `seats` (`seat_id`, `theater_id`, `seat_number`, `seat_type`) VALUES
	(1, 1, 'Seat-001', 'Standard'),
	(2, 1, 'Seat-101', 'Standard'),
	(3, 1, 'Seat-001', 'Standard'),
	(4, 1, 'Seat-002', 'Standard'),
	(5, 1, 'Seat-102', 'Standard'),
	(6, 1, 'Seat-002', 'Standard'),
	(7, 1, 'Seat-003', 'Standard'),
	(8, 1, 'Seat-103', 'Standard'),
	(9, 1, 'Seat-003', 'Standard'),
	(10, 1, 'Seat-004', 'Standard'),
	(11, 1, 'Seat-104', 'Standard'),
	(12, 1, 'Seat-004', 'Standard'),
	(13, 1, 'Seat-005', 'Standard'),
	(14, 1, 'Seat-105', 'Standard'),
	(15, 1, 'Seat-005', 'Standard'),
	(16, 1, 'Seat-006', 'Standard'),
	(17, 1, 'Seat-106', 'Standard'),
	(18, 1, 'Seat-006', 'Standard'),
	(19, 1, 'Seat-007', 'Standard'),
	(20, 1, 'Seat-107', 'Standard'),
	(21, 1, 'Seat-007', 'Standard'),
	(22, 1, 'Seat-008', 'Standard'),
	(23, 1, 'Seat-108', 'Standard'),
	(24, 1, 'Seat-008', 'Standard'),
	(25, 1, 'Seat-009', 'Standard'),
	(26, 1, 'Seat-109', 'Standard'),
	(27, 1, 'Seat-009', 'Standard'),
	(28, 1, 'Seat-010', 'Standard'),
	(29, 1, 'Seat-110', 'Standard'),
	(30, 1, 'Seat-010', 'Standard'),
	(31, 1, 'Seat-011', 'Standard'),
	(32, 1, 'Seat-111', 'Standard'),
	(33, 1, 'Seat-011', 'Standard'),
	(34, 1, 'Seat-012', 'Standard'),
	(35, 1, 'Seat-112', 'Standard'),
	(36, 1, 'Seat-012', 'Standard'),
	(37, 1, 'Seat-013', 'Standard'),
	(38, 1, 'Seat-113', 'Standard'),
	(39, 1, 'Seat-013', 'Standard'),
	(40, 1, 'Seat-014', 'Standard'),
	(41, 1, 'Seat-114', 'Standard'),
	(42, 1, 'Seat-014', 'Standard'),
	(43, 1, 'Seat-015', 'Standard'),
	(44, 1, 'Seat-115', 'Standard'),
	(45, 1, 'Seat-015', 'Standard'),
	(46, 1, 'Seat-016', 'Standard'),
	(47, 1, 'Seat-116', 'Standard'),
	(48, 1, 'Seat-016', 'Standard'),
	(49, 1, 'Seat-017', 'Standard'),
	(50, 1, 'Seat-117', 'Standard'),
	(51, 1, 'Seat-017', 'Standard'),
	(52, 1, 'Seat-018', 'Standard'),
	(53, 1, 'Seat-118', 'Standard'),
	(54, 1, 'Seat-018', 'Standard'),
	(55, 1, 'Seat-019', 'Standard'),
	(56, 1, 'Seat-119', 'Standard'),
	(57, 1, 'Seat-019', 'Standard'),
	(58, 1, 'Seat-020', 'Standard'),
	(59, 1, 'Seat-120', 'Standard'),
	(60, 1, 'Seat-020', 'Standard'),
	(61, 1, 'Seat-021', 'Standard'),
	(62, 1, 'Seat-121', 'Standard'),
	(63, 1, 'Seat-021', 'Standard'),
	(64, 1, 'Seat-022', 'Standard'),
	(65, 1, 'Seat-122', 'Standard'),
	(66, 1, 'Seat-022', 'Standard'),
	(67, 1, 'Seat-023', 'Standard'),
	(68, 1, 'Seat-123', 'Standard'),
	(69, 1, 'Seat-023', 'Standard'),
	(70, 1, 'Seat-024', 'Standard'),
	(71, 1, 'Seat-124', 'Standard'),
	(72, 1, 'Seat-024', 'Standard'),
	(73, 1, 'Seat-025', 'Standard'),
	(74, 1, 'Seat-125', 'Standard'),
	(75, 1, 'Seat-025', 'Standard'),
	(76, 1, 'Seat-026', 'Standard'),
	(77, 1, 'Seat-126', 'Standard'),
	(78, 1, 'Seat-026', 'Standard'),
	(79, 1, 'Seat-027', 'Standard'),
	(80, 1, 'Seat-127', 'Standard'),
	(81, 1, 'Seat-027', 'Standard'),
	(82, 1, 'Seat-028', 'Standard'),
	(83, 1, 'Seat-128', 'Standard'),
	(84, 1, 'Seat-028', 'Standard'),
	(85, 1, 'Seat-029', 'Standard'),
	(86, 1, 'Seat-129', 'Standard'),
	(87, 1, 'Seat-029', 'Standard'),
	(88, 1, 'Seat-030', 'Standard'),
	(89, 1, 'Seat-130', 'Standard'),
	(90, 1, 'Seat-030', 'Standard'),
	(91, 1, 'Seat-031', 'Standard'),
	(92, 1, 'Seat-131', 'Standard'),
	(93, 1, 'Seat-031', 'Standard'),
	(94, 1, 'Seat-032', 'Standard'),
	(95, 1, 'Seat-132', 'Standard'),
	(96, 1, 'Seat-032', 'Standard'),
	(97, 1, 'Seat-033', 'Standard'),
	(98, 1, 'Seat-133', 'Standard'),
	(99, 1, 'Seat-033', 'Standard'),
	(100, 1, 'Seat-034', 'Standard'),
	(101, 1, 'Seat-134', 'Standard'),
	(102, 1, 'Seat-034', 'Standard'),
	(103, 1, 'Seat-035', 'Standard'),
	(104, 1, 'Seat-135', 'Standard'),
	(105, 1, 'Seat-035', 'Standard'),
	(106, 1, 'Seat-036', 'Standard'),
	(107, 1, 'Seat-136', 'Standard'),
	(108, 1, 'Seat-036', 'Standard'),
	(109, 1, 'Seat-037', 'Standard'),
	(110, 1, 'Seat-137', 'Standard'),
	(111, 1, 'Seat-037', 'Standard'),
	(112, 1, 'Seat-038', 'Standard'),
	(113, 1, 'Seat-138', 'Standard'),
	(114, 1, 'Seat-038', 'Standard'),
	(115, 1, 'Seat-039', 'Standard'),
	(116, 1, 'Seat-139', 'Standard'),
	(117, 1, 'Seat-039', 'Standard'),
	(118, 1, 'Seat-040', 'Standard'),
	(119, 1, 'Seat-140', 'Standard'),
	(120, 1, 'Seat-040', 'Standard'),
	(121, 1, 'Seat-041', 'Standard'),
	(122, 1, 'Seat-141', 'Standard'),
	(123, 1, 'Seat-041', 'Standard'),
	(124, 1, 'Seat-042', 'Standard'),
	(125, 1, 'Seat-142', 'Standard'),
	(126, 1, 'Seat-042', 'Standard'),
	(127, 1, 'Seat-043', 'Standard'),
	(128, 1, 'Seat-143', 'Standard'),
	(129, 1, 'Seat-043', 'Standard'),
	(130, 1, 'Seat-044', 'Standard'),
	(131, 1, 'Seat-144', 'Standard'),
	(132, 1, 'Seat-044', 'Standard'),
	(133, 1, 'Seat-045', 'Standard'),
	(134, 1, 'Seat-145', 'Standard'),
	(135, 1, 'Seat-045', 'Standard'),
	(136, 1, 'Seat-046', 'Standard'),
	(137, 1, 'Seat-146', 'Standard'),
	(138, 1, 'Seat-046', 'Standard'),
	(139, 1, 'Seat-047', 'Standard'),
	(140, 1, 'Seat-147', 'Standard'),
	(141, 1, 'Seat-047', 'Standard'),
	(142, 1, 'Seat-048', 'Standard'),
	(143, 1, 'Seat-148', 'Standard'),
	(144, 1, 'Seat-048', 'Standard'),
	(145, 1, 'Seat-049', 'Standard'),
	(146, 1, 'Seat-149', 'Standard'),
	(147, 1, 'Seat-049', 'Standard'),
	(148, 1, 'Seat-050', 'Standard'),
	(149, 1, 'Seat-150', 'Standard'),
	(150, 1, 'Seat-050', 'Standard'),
	(151, 1, 'Seat-051', 'Standard'),
	(152, 1, 'Seat-151', 'Standard'),
	(153, 1, 'Seat-051', 'Standard'),
	(154, 1, 'Seat-052', 'Standard'),
	(155, 1, 'Seat-152', 'Standard'),
	(156, 1, 'Seat-052', 'Standard'),
	(157, 1, 'Seat-053', 'Standard'),
	(158, 1, 'Seat-153', 'Standard'),
	(159, 1, 'Seat-053', 'Standard'),
	(160, 1, 'Seat-054', 'Standard'),
	(161, 1, 'Seat-154', 'Standard'),
	(162, 1, 'Seat-054', 'Standard'),
	(163, 1, 'Seat-055', 'Standard'),
	(164, 1, 'Seat-155', 'Standard'),
	(165, 1, 'Seat-055', 'Standard'),
	(166, 1, 'Seat-056', 'Standard'),
	(167, 1, 'Seat-156', 'Standard'),
	(168, 1, 'Seat-056', 'Standard'),
	(169, 1, 'Seat-057', 'Standard'),
	(170, 1, 'Seat-157', 'Standard'),
	(171, 1, 'Seat-057', 'Standard'),
	(172, 1, 'Seat-058', 'Standard'),
	(173, 1, 'Seat-158', 'Standard'),
	(174, 1, 'Seat-058', 'Standard'),
	(175, 1, 'Seat-059', 'Standard'),
	(176, 1, 'Seat-159', 'Standard'),
	(177, 1, 'Seat-059', 'Standard'),
	(178, 1, 'Seat-060', 'Standard'),
	(179, 1, 'Seat-160', 'Standard'),
	(180, 1, 'Seat-060', 'Standard'),
	(181, 1, 'Seat-061', 'Standard'),
	(182, 1, 'Seat-161', 'Standard'),
	(183, 1, 'Seat-061', 'Standard'),
	(184, 1, 'Seat-062', 'Standard'),
	(185, 1, 'Seat-162', 'Standard'),
	(186, 1, 'Seat-062', 'Standard'),
	(187, 1, 'Seat-063', 'Standard'),
	(188, 1, 'Seat-163', 'Standard'),
	(189, 1, 'Seat-063', 'Standard'),
	(190, 1, 'Seat-064', 'Standard'),
	(191, 1, 'Seat-164', 'Standard'),
	(192, 1, 'Seat-064', 'Standard'),
	(193, 1, 'Seat-065', 'Standard'),
	(194, 1, 'Seat-165', 'Standard'),
	(195, 1, 'Seat-065', 'Standard'),
	(196, 1, 'Seat-066', 'Standard'),
	(197, 1, 'Seat-166', 'Standard'),
	(198, 1, 'Seat-066', 'Standard'),
	(199, 1, 'Seat-067', 'Standard'),
	(200, 1, 'Seat-167', 'Standard'),
	(201, 1, 'Seat-067', 'Standard'),
	(202, 1, 'Seat-068', 'Standard'),
	(203, 1, 'Seat-168', 'Standard'),
	(204, 1, 'Seat-068', 'Standard'),
	(205, 1, 'Seat-069', 'Standard'),
	(206, 1, 'Seat-169', 'Standard'),
	(207, 1, 'Seat-069', 'Standard'),
	(208, 1, 'Seat-070', 'Standard'),
	(209, 1, 'Seat-170', 'Standard'),
	(210, 1, 'Seat-070', 'Standard'),
	(211, 1, 'Seat-071', 'Standard'),
	(212, 1, 'Seat-171', 'Standard'),
	(213, 1, 'Seat-071', 'Standard'),
	(214, 1, 'Seat-072', 'Standard'),
	(215, 1, 'Seat-172', 'Standard'),
	(216, 1, 'Seat-072', 'Standard'),
	(217, 1, 'Seat-073', 'Standard'),
	(218, 1, 'Seat-173', 'Standard'),
	(219, 1, 'Seat-073', 'Standard'),
	(220, 1, 'Seat-074', 'Standard'),
	(221, 1, 'Seat-174', 'Standard'),
	(222, 1, 'Seat-074', 'Standard'),
	(223, 1, 'Seat-075', 'Standard'),
	(224, 1, 'Seat-175', 'Standard'),
	(225, 1, 'Seat-075', 'Standard'),
	(226, 1, 'Seat-076', 'Standard'),
	(227, 1, 'Seat-176', 'Standard'),
	(228, 1, 'Seat-076', 'Standard'),
	(229, 1, 'Seat-077', 'Standard'),
	(230, 1, 'Seat-177', 'Standard'),
	(231, 1, 'Seat-077', 'Standard'),
	(232, 1, 'Seat-078', 'Standard'),
	(233, 1, 'Seat-178', 'Standard'),
	(234, 1, 'Seat-078', 'Standard'),
	(235, 1, 'Seat-079', 'Standard'),
	(236, 1, 'Seat-179', 'Standard'),
	(237, 1, 'Seat-079', 'Standard'),
	(238, 1, 'Seat-080', 'Standard'),
	(239, 1, 'Seat-180', 'Standard'),
	(240, 1, 'Seat-080', 'Standard'),
	(241, 1, 'Seat-081', 'Standard'),
	(242, 1, 'Seat-181', 'Standard'),
	(243, 1, 'Seat-081', 'Standard'),
	(244, 1, 'Seat-082', 'Standard'),
	(245, 1, 'Seat-182', 'Standard'),
	(246, 1, 'Seat-082', 'Standard'),
	(247, 1, 'Seat-083', 'Standard'),
	(248, 1, 'Seat-183', 'Standard'),
	(249, 1, 'Seat-083', 'Standard'),
	(250, 1, 'Seat-084', 'Standard'),
	(251, 1, 'Seat-184', 'Standard'),
	(252, 1, 'Seat-084', 'Standard'),
	(253, 1, 'Seat-085', 'Standard'),
	(254, 1, 'Seat-185', 'Standard'),
	(255, 1, 'Seat-085', 'Standard'),
	(256, 1, 'Seat-086', 'Standard'),
	(257, 1, 'Seat-186', 'Standard'),
	(258, 1, 'Seat-086', 'Standard'),
	(259, 1, 'Seat-087', 'Standard'),
	(260, 1, 'Seat-187', 'Standard'),
	(261, 1, 'Seat-087', 'Standard'),
	(262, 1, 'Seat-088', 'Standard'),
	(263, 1, 'Seat-188', 'Standard'),
	(264, 1, 'Seat-088', 'Standard'),
	(265, 1, 'Seat-089', 'Standard'),
	(266, 1, 'Seat-189', 'Standard'),
	(267, 1, 'Seat-089', 'Standard'),
	(268, 1, 'Seat-090', 'Standard'),
	(269, 1, 'Seat-190', 'Standard'),
	(270, 1, 'Seat-090', 'Standard'),
	(271, 1, 'Seat-091', 'Standard'),
	(272, 1, 'Seat-191', 'Standard'),
	(273, 1, 'Seat-091', 'Standard'),
	(274, 1, 'Seat-092', 'Standard'),
	(275, 1, 'Seat-192', 'Standard'),
	(276, 1, 'Seat-092', 'Standard'),
	(277, 1, 'Seat-093', 'Standard'),
	(278, 1, 'Seat-193', 'Standard'),
	(279, 1, 'Seat-093', 'Standard'),
	(280, 1, 'Seat-094', 'Standard'),
	(281, 1, 'Seat-194', 'Standard'),
	(282, 1, 'Seat-094', 'Standard'),
	(283, 1, 'Seat-095', 'Standard'),
	(284, 1, 'Seat-195', 'Standard'),
	(285, 1, 'Seat-095', 'Standard'),
	(286, 1, 'Seat-096', 'Standard'),
	(287, 1, 'Seat-196', 'Standard'),
	(288, 1, 'Seat-096', 'Standard'),
	(289, 1, 'Seat-097', 'Standard'),
	(290, 1, 'Seat-197', 'Standard'),
	(291, 1, 'Seat-097', 'Standard'),
	(292, 1, 'Seat-098', 'Standard'),
	(293, 1, 'Seat-198', 'Standard'),
	(294, 1, 'Seat-098', 'Standard'),
	(295, 1, 'Seat-099', 'Standard'),
	(296, 1, 'Seat-199', 'Standard'),
	(297, 1, 'Seat-099', 'Standard'),
	(298, 1, 'Seat-100', 'Standard'),
	(299, 1, 'Seat-200', 'Standard'),
	(300, 1, 'Seat-100', 'Standard'),
	(512, 2, 'Seat-001', 'Standard'),
	(513, 2, 'Seat-101', 'Standard'),
	(514, 2, 'Seat-001', 'Standard'),
	(515, 2, 'Seat-002', 'Standard'),
	(516, 2, 'Seat-102', 'Standard'),
	(517, 2, 'Seat-002', 'Standard'),
	(518, 2, 'Seat-003', 'Standard'),
	(519, 2, 'Seat-103', 'Standard'),
	(520, 2, 'Seat-003', 'Standard'),
	(521, 2, 'Seat-004', 'Standard'),
	(522, 2, 'Seat-104', 'Standard'),
	(523, 2, 'Seat-004', 'Standard'),
	(524, 2, 'Seat-005', 'Standard'),
	(525, 2, 'Seat-105', 'Standard'),
	(526, 2, 'Seat-005', 'Standard'),
	(527, 2, 'Seat-006', 'Standard'),
	(528, 2, 'Seat-106', 'Standard'),
	(529, 2, 'Seat-006', 'Standard'),
	(530, 2, 'Seat-007', 'Standard'),
	(531, 2, 'Seat-107', 'Standard'),
	(532, 2, 'Seat-007', 'Standard'),
	(533, 2, 'Seat-008', 'Standard'),
	(534, 2, 'Seat-108', 'Standard'),
	(535, 2, 'Seat-008', 'Standard'),
	(536, 2, 'Seat-009', 'Standard'),
	(537, 2, 'Seat-109', 'Standard'),
	(538, 2, 'Seat-009', 'Standard'),
	(539, 2, 'Seat-010', 'Standard'),
	(540, 2, 'Seat-110', 'Standard'),
	(541, 2, 'Seat-010', 'Standard'),
	(542, 2, 'Seat-011', 'Standard'),
	(543, 2, 'Seat-111', 'Standard'),
	(544, 2, 'Seat-011', 'Standard'),
	(545, 2, 'Seat-012', 'Standard'),
	(546, 2, 'Seat-112', 'Standard'),
	(547, 2, 'Seat-012', 'Standard'),
	(548, 2, 'Seat-013', 'Standard'),
	(549, 2, 'Seat-113', 'Standard'),
	(550, 2, 'Seat-013', 'Standard'),
	(551, 2, 'Seat-014', 'Standard'),
	(552, 2, 'Seat-114', 'Standard'),
	(553, 2, 'Seat-014', 'Standard'),
	(554, 2, 'Seat-015', 'Standard'),
	(555, 2, 'Seat-115', 'Standard'),
	(556, 2, 'Seat-015', 'Standard'),
	(557, 2, 'Seat-016', 'Standard'),
	(558, 2, 'Seat-116', 'Standard'),
	(559, 2, 'Seat-016', 'Standard'),
	(560, 2, 'Seat-017', 'Standard'),
	(561, 2, 'Seat-117', 'Standard'),
	(562, 2, 'Seat-017', 'Standard'),
	(563, 2, 'Seat-018', 'Standard'),
	(564, 2, 'Seat-118', 'Standard'),
	(565, 2, 'Seat-018', 'Standard'),
	(566, 2, 'Seat-019', 'Standard'),
	(567, 2, 'Seat-119', 'Standard'),
	(568, 2, 'Seat-019', 'Standard'),
	(569, 2, 'Seat-020', 'Standard'),
	(570, 2, 'Seat-120', 'Standard'),
	(571, 2, 'Seat-020', 'Standard'),
	(572, 2, 'Seat-021', 'Standard'),
	(573, 2, 'Seat-121', 'Standard'),
	(574, 2, 'Seat-021', 'Standard'),
	(575, 2, 'Seat-022', 'Standard'),
	(576, 2, 'Seat-122', 'Standard'),
	(577, 2, 'Seat-022', 'Standard'),
	(578, 2, 'Seat-023', 'Standard'),
	(579, 2, 'Seat-123', 'Standard'),
	(580, 2, 'Seat-023', 'Standard'),
	(581, 2, 'Seat-024', 'Standard'),
	(582, 2, 'Seat-124', 'Standard'),
	(583, 2, 'Seat-024', 'Standard'),
	(584, 2, 'Seat-025', 'Standard'),
	(585, 2, 'Seat-125', 'Standard'),
	(586, 2, 'Seat-025', 'Standard'),
	(587, 2, 'Seat-026', 'Standard'),
	(588, 2, 'Seat-126', 'Standard'),
	(589, 2, 'Seat-026', 'Standard'),
	(590, 2, 'Seat-027', 'Standard'),
	(591, 2, 'Seat-127', 'Standard'),
	(592, 2, 'Seat-027', 'Standard'),
	(593, 2, 'Seat-028', 'Standard'),
	(594, 2, 'Seat-128', 'Standard'),
	(595, 2, 'Seat-028', 'Standard'),
	(596, 2, 'Seat-029', 'Standard'),
	(597, 2, 'Seat-129', 'Standard'),
	(598, 2, 'Seat-029', 'Standard'),
	(599, 2, 'Seat-030', 'Standard'),
	(600, 2, 'Seat-130', 'Standard'),
	(601, 2, 'Seat-030', 'Standard'),
	(602, 2, 'Seat-031', 'Standard'),
	(603, 2, 'Seat-131', 'Standard'),
	(604, 2, 'Seat-031', 'Standard'),
	(605, 2, 'Seat-032', 'Standard'),
	(606, 2, 'Seat-132', 'Standard'),
	(607, 2, 'Seat-032', 'Standard'),
	(608, 2, 'Seat-033', 'Standard'),
	(609, 2, 'Seat-133', 'Standard'),
	(610, 2, 'Seat-033', 'Standard'),
	(611, 2, 'Seat-034', 'Standard'),
	(612, 2, 'Seat-134', 'Standard'),
	(613, 2, 'Seat-034', 'Standard'),
	(614, 2, 'Seat-035', 'Standard'),
	(615, 2, 'Seat-135', 'Standard'),
	(616, 2, 'Seat-035', 'Standard'),
	(617, 2, 'Seat-036', 'Standard'),
	(618, 2, 'Seat-136', 'Standard'),
	(619, 2, 'Seat-036', 'Standard'),
	(620, 2, 'Seat-037', 'Standard'),
	(621, 2, 'Seat-137', 'Standard'),
	(622, 2, 'Seat-037', 'Standard'),
	(623, 2, 'Seat-038', 'Standard'),
	(624, 2, 'Seat-138', 'Standard'),
	(625, 2, 'Seat-038', 'Standard'),
	(626, 2, 'Seat-039', 'Standard'),
	(627, 2, 'Seat-139', 'Standard'),
	(628, 2, 'Seat-039', 'Standard'),
	(629, 2, 'Seat-040', 'Standard'),
	(630, 2, 'Seat-140', 'Standard'),
	(631, 2, 'Seat-040', 'Standard'),
	(632, 2, 'Seat-041', 'Standard'),
	(633, 2, 'Seat-141', 'Standard'),
	(634, 2, 'Seat-041', 'Standard'),
	(635, 2, 'Seat-042', 'Standard'),
	(636, 2, 'Seat-142', 'Standard'),
	(637, 2, 'Seat-042', 'Standard'),
	(638, 2, 'Seat-043', 'Standard'),
	(639, 2, 'Seat-143', 'Standard'),
	(640, 2, 'Seat-043', 'Standard'),
	(641, 2, 'Seat-044', 'Standard'),
	(642, 2, 'Seat-144', 'Standard'),
	(643, 2, 'Seat-044', 'Standard'),
	(644, 2, 'Seat-045', 'Standard'),
	(645, 2, 'Seat-145', 'Standard'),
	(646, 2, 'Seat-045', 'Standard'),
	(647, 2, 'Seat-046', 'Standard'),
	(648, 2, 'Seat-146', 'Standard'),
	(649, 2, 'Seat-046', 'Standard'),
	(650, 2, 'Seat-047', 'Standard'),
	(651, 2, 'Seat-147', 'Standard'),
	(652, 2, 'Seat-047', 'Standard'),
	(653, 2, 'Seat-048', 'Standard'),
	(654, 2, 'Seat-148', 'Standard'),
	(655, 2, 'Seat-048', 'Standard'),
	(656, 2, 'Seat-049', 'Standard'),
	(657, 2, 'Seat-149', 'Standard'),
	(658, 2, 'Seat-049', 'Standard'),
	(659, 2, 'Seat-050', 'Standard'),
	(660, 2, 'Seat-150', 'Standard'),
	(661, 2, 'Seat-050', 'Standard'),
	(662, 2, 'Seat-051', 'Standard'),
	(663, 2, 'Seat-151', 'Standard'),
	(664, 2, 'Seat-051', 'Standard'),
	(665, 2, 'Seat-052', 'Standard'),
	(666, 2, 'Seat-152', 'Standard'),
	(667, 2, 'Seat-052', 'Standard'),
	(668, 2, 'Seat-053', 'Standard'),
	(669, 2, 'Seat-153', 'Standard'),
	(670, 2, 'Seat-053', 'Standard'),
	(671, 2, 'Seat-054', 'Standard'),
	(672, 2, 'Seat-154', 'Standard'),
	(673, 2, 'Seat-054', 'Standard'),
	(674, 2, 'Seat-055', 'Standard'),
	(675, 2, 'Seat-155', 'Standard'),
	(676, 2, 'Seat-055', 'Standard'),
	(677, 2, 'Seat-056', 'Standard'),
	(678, 2, 'Seat-156', 'Standard'),
	(679, 2, 'Seat-056', 'Standard'),
	(680, 2, 'Seat-057', 'Standard'),
	(681, 2, 'Seat-157', 'Standard'),
	(682, 2, 'Seat-057', 'Standard'),
	(683, 2, 'Seat-058', 'Standard'),
	(684, 2, 'Seat-158', 'Standard'),
	(685, 2, 'Seat-058', 'Standard'),
	(686, 2, 'Seat-059', 'Standard'),
	(687, 2, 'Seat-159', 'Standard'),
	(688, 2, 'Seat-059', 'Standard'),
	(689, 2, 'Seat-060', 'Standard'),
	(690, 2, 'Seat-160', 'Standard'),
	(691, 2, 'Seat-060', 'Standard'),
	(692, 2, 'Seat-061', 'Standard'),
	(693, 2, 'Seat-161', 'Standard'),
	(694, 2, 'Seat-061', 'Standard'),
	(695, 2, 'Seat-062', 'Standard'),
	(696, 2, 'Seat-162', 'Standard'),
	(697, 2, 'Seat-062', 'Standard'),
	(698, 2, 'Seat-063', 'Standard'),
	(699, 2, 'Seat-163', 'Standard'),
	(700, 2, 'Seat-063', 'Standard'),
	(701, 2, 'Seat-064', 'Standard'),
	(702, 2, 'Seat-164', 'Standard'),
	(703, 2, 'Seat-064', 'Standard'),
	(704, 2, 'Seat-065', 'Standard'),
	(705, 2, 'Seat-165', 'Standard'),
	(706, 2, 'Seat-065', 'Standard'),
	(707, 2, 'Seat-066', 'Standard'),
	(708, 2, 'Seat-166', 'Standard'),
	(709, 2, 'Seat-066', 'Standard'),
	(710, 2, 'Seat-067', 'Standard'),
	(711, 2, 'Seat-167', 'Standard'),
	(712, 2, 'Seat-067', 'Standard'),
	(713, 2, 'Seat-068', 'Standard'),
	(714, 2, 'Seat-168', 'Standard'),
	(715, 2, 'Seat-068', 'Standard'),
	(716, 2, 'Seat-069', 'Standard'),
	(717, 2, 'Seat-169', 'Standard'),
	(718, 2, 'Seat-069', 'Standard'),
	(719, 2, 'Seat-070', 'Standard'),
	(720, 2, 'Seat-170', 'Standard'),
	(721, 2, 'Seat-070', 'Standard'),
	(722, 2, 'Seat-071', 'Standard'),
	(723, 2, 'Seat-171', 'Standard'),
	(724, 2, 'Seat-071', 'Standard'),
	(725, 2, 'Seat-072', 'Standard'),
	(726, 2, 'Seat-172', 'Standard'),
	(727, 2, 'Seat-072', 'Standard'),
	(728, 2, 'Seat-073', 'Standard'),
	(729, 2, 'Seat-173', 'Standard'),
	(730, 2, 'Seat-073', 'Standard'),
	(731, 2, 'Seat-074', 'Standard'),
	(732, 2, 'Seat-174', 'Standard'),
	(733, 2, 'Seat-074', 'Standard'),
	(734, 2, 'Seat-075', 'Standard'),
	(735, 2, 'Seat-175', 'Standard'),
	(736, 2, 'Seat-075', 'Standard'),
	(737, 2, 'Seat-076', 'Standard'),
	(738, 2, 'Seat-176', 'Standard'),
	(739, 2, 'Seat-076', 'Standard'),
	(740, 2, 'Seat-077', 'Standard'),
	(741, 2, 'Seat-177', 'Standard'),
	(742, 2, 'Seat-077', 'Standard'),
	(743, 2, 'Seat-078', 'Standard'),
	(744, 2, 'Seat-178', 'Standard'),
	(745, 2, 'Seat-078', 'Standard'),
	(746, 2, 'Seat-079', 'Standard'),
	(747, 2, 'Seat-179', 'Standard'),
	(748, 2, 'Seat-079', 'Standard'),
	(749, 2, 'Seat-080', 'Standard'),
	(750, 2, 'Seat-180', 'Standard'),
	(751, 2, 'Seat-080', 'Standard'),
	(752, 2, 'Seat-081', 'Standard'),
	(753, 2, 'Seat-181', 'Standard'),
	(754, 2, 'Seat-081', 'Standard'),
	(755, 2, 'Seat-082', 'Standard'),
	(756, 2, 'Seat-182', 'Standard'),
	(757, 2, 'Seat-082', 'Standard'),
	(758, 2, 'Seat-083', 'Standard'),
	(759, 2, 'Seat-183', 'Standard'),
	(760, 2, 'Seat-083', 'Standard'),
	(761, 2, 'Seat-084', 'Standard'),
	(762, 2, 'Seat-184', 'Standard'),
	(763, 2, 'Seat-084', 'Standard'),
	(764, 2, 'Seat-085', 'Standard'),
	(765, 2, 'Seat-185', 'Standard'),
	(766, 2, 'Seat-085', 'Standard'),
	(767, 2, 'Seat-086', 'Standard'),
	(768, 2, 'Seat-186', 'Standard'),
	(769, 2, 'Seat-086', 'Standard'),
	(770, 2, 'Seat-087', 'Standard'),
	(771, 2, 'Seat-187', 'Standard'),
	(772, 2, 'Seat-087', 'Standard'),
	(773, 2, 'Seat-088', 'Standard'),
	(774, 2, 'Seat-188', 'Standard'),
	(775, 2, 'Seat-088', 'Standard'),
	(776, 2, 'Seat-089', 'Standard'),
	(777, 2, 'Seat-189', 'Standard'),
	(778, 2, 'Seat-089', 'Standard'),
	(779, 2, 'Seat-090', 'Standard'),
	(780, 2, 'Seat-190', 'Standard'),
	(781, 2, 'Seat-090', 'Standard'),
	(782, 2, 'Seat-091', 'Standard'),
	(783, 2, 'Seat-191', 'Standard'),
	(784, 2, 'Seat-091', 'Standard'),
	(785, 2, 'Seat-092', 'Standard'),
	(786, 2, 'Seat-192', 'Standard'),
	(787, 2, 'Seat-092', 'Standard'),
	(788, 2, 'Seat-093', 'Standard'),
	(789, 2, 'Seat-193', 'Standard'),
	(790, 2, 'Seat-093', 'Standard'),
	(791, 2, 'Seat-094', 'Standard'),
	(792, 2, 'Seat-194', 'Standard'),
	(793, 2, 'Seat-094', 'Standard'),
	(794, 2, 'Seat-095', 'Standard'),
	(795, 2, 'Seat-195', 'Standard'),
	(796, 2, 'Seat-095', 'Standard'),
	(797, 2, 'Seat-096', 'Standard'),
	(798, 2, 'Seat-196', 'Standard'),
	(799, 2, 'Seat-096', 'Standard'),
	(800, 2, 'Seat-097', 'Standard'),
	(801, 2, 'Seat-197', 'Standard'),
	(802, 2, 'Seat-097', 'Standard'),
	(803, 2, 'Seat-098', 'Standard'),
	(804, 2, 'Seat-198', 'Standard'),
	(805, 2, 'Seat-098', 'Standard'),
	(806, 2, 'Seat-099', 'Standard'),
	(807, 2, 'Seat-199', 'Standard'),
	(808, 2, 'Seat-099', 'Standard'),
	(809, 2, 'Seat-100', 'Standard'),
	(810, 2, 'Seat-200', 'Standard'),
	(811, 2, 'Seat-100', 'Standard'),
	(1023, 3, 'Seat-001', 'Standard'),
	(1024, 3, 'Seat-101', 'Standard'),
	(1025, 3, 'Seat-001', 'Standard'),
	(1026, 3, 'Seat-002', 'Standard'),
	(1027, 3, 'Seat-102', 'Standard'),
	(1028, 3, 'Seat-002', 'Standard'),
	(1029, 3, 'Seat-003', 'Standard'),
	(1030, 3, 'Seat-103', 'Standard'),
	(1031, 3, 'Seat-003', 'Standard'),
	(1032, 3, 'Seat-004', 'Standard'),
	(1033, 3, 'Seat-104', 'Standard'),
	(1034, 3, 'Seat-004', 'Standard'),
	(1035, 3, 'Seat-005', 'Standard'),
	(1036, 3, 'Seat-105', 'Standard'),
	(1037, 3, 'Seat-005', 'Standard'),
	(1038, 3, 'Seat-006', 'Standard'),
	(1039, 3, 'Seat-106', 'Standard'),
	(1040, 3, 'Seat-006', 'Standard'),
	(1041, 3, 'Seat-007', 'Standard'),
	(1042, 3, 'Seat-107', 'Standard'),
	(1043, 3, 'Seat-007', 'Standard'),
	(1044, 3, 'Seat-008', 'Standard'),
	(1045, 3, 'Seat-108', 'Standard'),
	(1046, 3, 'Seat-008', 'Standard'),
	(1047, 3, 'Seat-009', 'Standard'),
	(1048, 3, 'Seat-109', 'Standard'),
	(1049, 3, 'Seat-009', 'Standard'),
	(1050, 3, 'Seat-010', 'Standard'),
	(1051, 3, 'Seat-110', 'Standard'),
	(1052, 3, 'Seat-010', 'Standard'),
	(1053, 3, 'Seat-011', 'Standard'),
	(1054, 3, 'Seat-111', 'Standard'),
	(1055, 3, 'Seat-011', 'Standard'),
	(1056, 3, 'Seat-012', 'Standard'),
	(1057, 3, 'Seat-112', 'Standard'),
	(1058, 3, 'Seat-012', 'Standard'),
	(1059, 3, 'Seat-013', 'Standard'),
	(1060, 3, 'Seat-113', 'Standard'),
	(1061, 3, 'Seat-013', 'Standard'),
	(1062, 3, 'Seat-014', 'Standard'),
	(1063, 3, 'Seat-114', 'Standard'),
	(1064, 3, 'Seat-014', 'Standard'),
	(1065, 3, 'Seat-015', 'Standard'),
	(1066, 3, 'Seat-115', 'Standard'),
	(1067, 3, 'Seat-015', 'Standard'),
	(1068, 3, 'Seat-016', 'Standard'),
	(1069, 3, 'Seat-116', 'Standard'),
	(1070, 3, 'Seat-016', 'Standard'),
	(1071, 3, 'Seat-017', 'Standard'),
	(1072, 3, 'Seat-117', 'Standard'),
	(1073, 3, 'Seat-017', 'Standard'),
	(1074, 3, 'Seat-018', 'Standard'),
	(1075, 3, 'Seat-118', 'Standard'),
	(1076, 3, 'Seat-018', 'Standard'),
	(1077, 3, 'Seat-019', 'Standard'),
	(1078, 3, 'Seat-119', 'Standard'),
	(1079, 3, 'Seat-019', 'Standard'),
	(1080, 3, 'Seat-020', 'Standard'),
	(1081, 3, 'Seat-120', 'Standard'),
	(1082, 3, 'Seat-020', 'Standard'),
	(1083, 3, 'Seat-021', 'Standard'),
	(1084, 3, 'Seat-121', 'Standard'),
	(1085, 3, 'Seat-021', 'Standard'),
	(1086, 3, 'Seat-022', 'Standard'),
	(1087, 3, 'Seat-122', 'Standard'),
	(1088, 3, 'Seat-022', 'Standard'),
	(1089, 3, 'Seat-023', 'Standard'),
	(1090, 3, 'Seat-123', 'Standard'),
	(1091, 3, 'Seat-023', 'Standard'),
	(1092, 3, 'Seat-024', 'Standard'),
	(1093, 3, 'Seat-124', 'Standard'),
	(1094, 3, 'Seat-024', 'Standard'),
	(1095, 3, 'Seat-025', 'Standard'),
	(1096, 3, 'Seat-125', 'Standard'),
	(1097, 3, 'Seat-025', 'Standard'),
	(1098, 3, 'Seat-026', 'Standard'),
	(1099, 3, 'Seat-126', 'Standard'),
	(1100, 3, 'Seat-026', 'Standard'),
	(1101, 3, 'Seat-027', 'Standard'),
	(1102, 3, 'Seat-127', 'Standard'),
	(1103, 3, 'Seat-027', 'Standard'),
	(1104, 3, 'Seat-028', 'Standard'),
	(1105, 3, 'Seat-128', 'Standard'),
	(1106, 3, 'Seat-028', 'Standard'),
	(1107, 3, 'Seat-029', 'Standard'),
	(1108, 3, 'Seat-129', 'Standard'),
	(1109, 3, 'Seat-029', 'Standard'),
	(1110, 3, 'Seat-030', 'Standard'),
	(1111, 3, 'Seat-130', 'Standard'),
	(1112, 3, 'Seat-030', 'Standard'),
	(1113, 3, 'Seat-031', 'Standard'),
	(1114, 3, 'Seat-131', 'Standard'),
	(1115, 3, 'Seat-031', 'Standard'),
	(1116, 3, 'Seat-032', 'Standard'),
	(1117, 3, 'Seat-132', 'Standard'),
	(1118, 3, 'Seat-032', 'Standard'),
	(1119, 3, 'Seat-033', 'Standard'),
	(1120, 3, 'Seat-133', 'Standard'),
	(1121, 3, 'Seat-033', 'Standard'),
	(1122, 3, 'Seat-034', 'Standard'),
	(1123, 3, 'Seat-134', 'Standard'),
	(1124, 3, 'Seat-034', 'Standard'),
	(1125, 3, 'Seat-035', 'Standard'),
	(1126, 3, 'Seat-135', 'Standard'),
	(1127, 3, 'Seat-035', 'Standard'),
	(1128, 3, 'Seat-036', 'Standard'),
	(1129, 3, 'Seat-136', 'Standard'),
	(1130, 3, 'Seat-036', 'Standard'),
	(1131, 3, 'Seat-037', 'Standard'),
	(1132, 3, 'Seat-137', 'Standard'),
	(1133, 3, 'Seat-037', 'Standard'),
	(1134, 3, 'Seat-038', 'Standard'),
	(1135, 3, 'Seat-138', 'Standard'),
	(1136, 3, 'Seat-038', 'Standard'),
	(1137, 3, 'Seat-039', 'Standard'),
	(1138, 3, 'Seat-139', 'Standard'),
	(1139, 3, 'Seat-039', 'Standard'),
	(1140, 3, 'Seat-040', 'Standard'),
	(1141, 3, 'Seat-140', 'Standard'),
	(1142, 3, 'Seat-040', 'Standard'),
	(1143, 3, 'Seat-041', 'Standard'),
	(1144, 3, 'Seat-141', 'Standard'),
	(1145, 3, 'Seat-041', 'Standard'),
	(1146, 3, 'Seat-042', 'Standard'),
	(1147, 3, 'Seat-142', 'Standard'),
	(1148, 3, 'Seat-042', 'Standard'),
	(1149, 3, 'Seat-043', 'Standard'),
	(1150, 3, 'Seat-143', 'Standard'),
	(1151, 3, 'Seat-043', 'Standard'),
	(1152, 3, 'Seat-044', 'Standard'),
	(1153, 3, 'Seat-144', 'Standard'),
	(1154, 3, 'Seat-044', 'Standard'),
	(1155, 3, 'Seat-045', 'Standard'),
	(1156, 3, 'Seat-145', 'Standard'),
	(1157, 3, 'Seat-045', 'Standard'),
	(1158, 3, 'Seat-046', 'Standard'),
	(1159, 3, 'Seat-146', 'Standard'),
	(1160, 3, 'Seat-046', 'Standard'),
	(1161, 3, 'Seat-047', 'Standard'),
	(1162, 3, 'Seat-147', 'Standard'),
	(1163, 3, 'Seat-047', 'Standard'),
	(1164, 3, 'Seat-048', 'Standard'),
	(1165, 3, 'Seat-148', 'Standard'),
	(1166, 3, 'Seat-048', 'Standard'),
	(1167, 3, 'Seat-049', 'Standard'),
	(1168, 3, 'Seat-149', 'Standard'),
	(1169, 3, 'Seat-049', 'Standard'),
	(1170, 3, 'Seat-050', 'Standard'),
	(1171, 3, 'Seat-150', 'Standard'),
	(1172, 3, 'Seat-050', 'Standard'),
	(1173, 3, 'Seat-051', 'Standard'),
	(1174, 3, 'Seat-151', 'Standard'),
	(1175, 3, 'Seat-051', 'Standard'),
	(1176, 3, 'Seat-052', 'Standard'),
	(1177, 3, 'Seat-152', 'Standard'),
	(1178, 3, 'Seat-052', 'Standard'),
	(1179, 3, 'Seat-053', 'Standard'),
	(1180, 3, 'Seat-153', 'Standard'),
	(1181, 3, 'Seat-053', 'Standard'),
	(1182, 3, 'Seat-054', 'Standard'),
	(1183, 3, 'Seat-154', 'Standard'),
	(1184, 3, 'Seat-054', 'Standard'),
	(1185, 3, 'Seat-055', 'Standard'),
	(1186, 3, 'Seat-155', 'Standard'),
	(1187, 3, 'Seat-055', 'Standard'),
	(1188, 3, 'Seat-056', 'Standard'),
	(1189, 3, 'Seat-156', 'Standard'),
	(1190, 3, 'Seat-056', 'Standard'),
	(1191, 3, 'Seat-057', 'Standard'),
	(1192, 3, 'Seat-157', 'Standard'),
	(1193, 3, 'Seat-057', 'Standard'),
	(1194, 3, 'Seat-058', 'Standard'),
	(1195, 3, 'Seat-158', 'Standard'),
	(1196, 3, 'Seat-058', 'Standard'),
	(1197, 3, 'Seat-059', 'Standard'),
	(1198, 3, 'Seat-159', 'Standard'),
	(1199, 3, 'Seat-059', 'Standard'),
	(1200, 3, 'Seat-060', 'Standard'),
	(1201, 3, 'Seat-160', 'Standard'),
	(1202, 3, 'Seat-060', 'Standard'),
	(1203, 3, 'Seat-061', 'Standard'),
	(1204, 3, 'Seat-161', 'Standard'),
	(1205, 3, 'Seat-061', 'Standard'),
	(1206, 3, 'Seat-062', 'Standard'),
	(1207, 3, 'Seat-162', 'Standard'),
	(1208, 3, 'Seat-062', 'Standard'),
	(1209, 3, 'Seat-063', 'Standard'),
	(1210, 3, 'Seat-163', 'Standard'),
	(1211, 3, 'Seat-063', 'Standard'),
	(1212, 3, 'Seat-064', 'Standard'),
	(1213, 3, 'Seat-164', 'Standard'),
	(1214, 3, 'Seat-064', 'Standard'),
	(1215, 3, 'Seat-065', 'Standard'),
	(1216, 3, 'Seat-165', 'Standard'),
	(1217, 3, 'Seat-065', 'Standard'),
	(1218, 3, 'Seat-066', 'Standard'),
	(1219, 3, 'Seat-166', 'Standard'),
	(1220, 3, 'Seat-066', 'Standard'),
	(1221, 3, 'Seat-067', 'Standard'),
	(1222, 3, 'Seat-167', 'Standard'),
	(1223, 3, 'Seat-067', 'Standard'),
	(1224, 3, 'Seat-068', 'Standard'),
	(1225, 3, 'Seat-168', 'Standard'),
	(1226, 3, 'Seat-068', 'Standard'),
	(1227, 3, 'Seat-069', 'Standard'),
	(1228, 3, 'Seat-169', 'Standard'),
	(1229, 3, 'Seat-069', 'Standard'),
	(1230, 3, 'Seat-070', 'Standard'),
	(1231, 3, 'Seat-170', 'Standard'),
	(1232, 3, 'Seat-070', 'Standard'),
	(1233, 3, 'Seat-071', 'Standard'),
	(1234, 3, 'Seat-171', 'Standard'),
	(1235, 3, 'Seat-071', 'Standard'),
	(1236, 3, 'Seat-072', 'Standard'),
	(1237, 3, 'Seat-172', 'Standard'),
	(1238, 3, 'Seat-072', 'Standard'),
	(1239, 3, 'Seat-073', 'Standard'),
	(1240, 3, 'Seat-173', 'Standard'),
	(1241, 3, 'Seat-073', 'Standard'),
	(1242, 3, 'Seat-074', 'Standard'),
	(1243, 3, 'Seat-174', 'Standard'),
	(1244, 3, 'Seat-074', 'Standard'),
	(1245, 3, 'Seat-075', 'Standard'),
	(1246, 3, 'Seat-175', 'Standard'),
	(1247, 3, 'Seat-075', 'Standard'),
	(1248, 3, 'Seat-076', 'Standard'),
	(1249, 3, 'Seat-176', 'Standard'),
	(1250, 3, 'Seat-076', 'Standard'),
	(1251, 3, 'Seat-077', 'Standard'),
	(1252, 3, 'Seat-177', 'Standard'),
	(1253, 3, 'Seat-077', 'Standard'),
	(1254, 3, 'Seat-078', 'Standard'),
	(1255, 3, 'Seat-178', 'Standard'),
	(1256, 3, 'Seat-078', 'Standard'),
	(1257, 3, 'Seat-079', 'Standard'),
	(1258, 3, 'Seat-179', 'Standard'),
	(1259, 3, 'Seat-079', 'Standard'),
	(1260, 3, 'Seat-080', 'Standard'),
	(1261, 3, 'Seat-180', 'Standard'),
	(1262, 3, 'Seat-080', 'Standard'),
	(1263, 3, 'Seat-081', 'Standard'),
	(1264, 3, 'Seat-181', 'Standard'),
	(1265, 3, 'Seat-081', 'Standard'),
	(1266, 3, 'Seat-082', 'Standard'),
	(1267, 3, 'Seat-182', 'Standard'),
	(1268, 3, 'Seat-082', 'Standard'),
	(1269, 3, 'Seat-083', 'Standard'),
	(1270, 3, 'Seat-183', 'Standard'),
	(1271, 3, 'Seat-083', 'Standard'),
	(1272, 3, 'Seat-084', 'Standard'),
	(1273, 3, 'Seat-184', 'Standard'),
	(1274, 3, 'Seat-084', 'Standard'),
	(1275, 3, 'Seat-085', 'Standard'),
	(1276, 3, 'Seat-185', 'Standard'),
	(1277, 3, 'Seat-085', 'Standard'),
	(1278, 3, 'Seat-086', 'Standard'),
	(1279, 3, 'Seat-186', 'Standard'),
	(1280, 3, 'Seat-086', 'Standard'),
	(1281, 3, 'Seat-087', 'Standard'),
	(1282, 3, 'Seat-187', 'Standard'),
	(1283, 3, 'Seat-087', 'Standard'),
	(1284, 3, 'Seat-088', 'Standard'),
	(1285, 3, 'Seat-188', 'Standard'),
	(1286, 3, 'Seat-088', 'Standard'),
	(1287, 3, 'Seat-089', 'Standard'),
	(1288, 3, 'Seat-189', 'Standard'),
	(1289, 3, 'Seat-089', 'Standard'),
	(1290, 3, 'Seat-090', 'Standard'),
	(1291, 3, 'Seat-190', 'Standard'),
	(1292, 3, 'Seat-090', 'Standard'),
	(1293, 3, 'Seat-091', 'Standard'),
	(1294, 3, 'Seat-191', 'Standard'),
	(1295, 3, 'Seat-091', 'Standard'),
	(1296, 3, 'Seat-092', 'Standard'),
	(1297, 3, 'Seat-192', 'Standard'),
	(1298, 3, 'Seat-092', 'Standard'),
	(1299, 3, 'Seat-093', 'Standard'),
	(1300, 3, 'Seat-193', 'Standard'),
	(1301, 3, 'Seat-093', 'Standard'),
	(1302, 3, 'Seat-094', 'Standard'),
	(1303, 3, 'Seat-194', 'Standard'),
	(1304, 3, 'Seat-094', 'Standard'),
	(1305, 3, 'Seat-095', 'Standard'),
	(1306, 3, 'Seat-195', 'Standard'),
	(1307, 3, 'Seat-095', 'Standard'),
	(1308, 3, 'Seat-096', 'Standard'),
	(1309, 3, 'Seat-196', 'Standard'),
	(1310, 3, 'Seat-096', 'Standard'),
	(1311, 3, 'Seat-097', 'Standard'),
	(1312, 3, 'Seat-197', 'Standard'),
	(1313, 3, 'Seat-097', 'Standard'),
	(1314, 3, 'Seat-098', 'Standard'),
	(1315, 3, 'Seat-198', 'Standard'),
	(1316, 3, 'Seat-098', 'Standard'),
	(1317, 3, 'Seat-099', 'Standard'),
	(1318, 3, 'Seat-199', 'Standard'),
	(1319, 3, 'Seat-099', 'Standard'),
	(1320, 3, 'Seat-100', 'Standard'),
	(1321, 3, 'Seat-200', 'Standard'),
	(1322, 3, 'Seat-100', 'Standard'),
	(1534, 4, 'Seat-001', 'Standard'),
	(1535, 4, 'Seat-101', 'Standard'),
	(1536, 4, 'Seat-001', 'Standard'),
	(1537, 4, 'Seat-002', 'Standard'),
	(1538, 4, 'Seat-102', 'Standard'),
	(1539, 4, 'Seat-002', 'Standard'),
	(1540, 4, 'Seat-003', 'Standard'),
	(1541, 4, 'Seat-103', 'Standard'),
	(1542, 4, 'Seat-003', 'Standard'),
	(1543, 4, 'Seat-004', 'Standard'),
	(1544, 4, 'Seat-104', 'Standard'),
	(1545, 4, 'Seat-004', 'Standard'),
	(1546, 4, 'Seat-005', 'Standard'),
	(1547, 4, 'Seat-105', 'Standard'),
	(1548, 4, 'Seat-005', 'Standard'),
	(1549, 4, 'Seat-006', 'Standard'),
	(1550, 4, 'Seat-106', 'Standard'),
	(1551, 4, 'Seat-006', 'Standard'),
	(1552, 4, 'Seat-007', 'Standard'),
	(1553, 4, 'Seat-107', 'Standard'),
	(1554, 4, 'Seat-007', 'Standard'),
	(1555, 4, 'Seat-008', 'Standard'),
	(1556, 4, 'Seat-108', 'Standard'),
	(1557, 4, 'Seat-008', 'Standard'),
	(1558, 4, 'Seat-009', 'Standard'),
	(1559, 4, 'Seat-109', 'Standard'),
	(1560, 4, 'Seat-009', 'Standard'),
	(1561, 4, 'Seat-010', 'Standard'),
	(1562, 4, 'Seat-110', 'Standard'),
	(1563, 4, 'Seat-010', 'Standard'),
	(1564, 4, 'Seat-011', 'Standard'),
	(1565, 4, 'Seat-111', 'Standard'),
	(1566, 4, 'Seat-011', 'Standard'),
	(1567, 4, 'Seat-012', 'Standard'),
	(1568, 4, 'Seat-112', 'Standard'),
	(1569, 4, 'Seat-012', 'Standard'),
	(1570, 4, 'Seat-013', 'Standard'),
	(1571, 4, 'Seat-113', 'Standard'),
	(1572, 4, 'Seat-013', 'Standard'),
	(1573, 4, 'Seat-014', 'Standard'),
	(1574, 4, 'Seat-114', 'Standard'),
	(1575, 4, 'Seat-014', 'Standard'),
	(1576, 4, 'Seat-015', 'Standard'),
	(1577, 4, 'Seat-115', 'Standard'),
	(1578, 4, 'Seat-015', 'Standard'),
	(1579, 4, 'Seat-016', 'Standard'),
	(1580, 4, 'Seat-116', 'Standard'),
	(1581, 4, 'Seat-016', 'Standard'),
	(1582, 4, 'Seat-017', 'Standard'),
	(1583, 4, 'Seat-117', 'Standard'),
	(1584, 4, 'Seat-017', 'Standard'),
	(1585, 4, 'Seat-018', 'Standard'),
	(1586, 4, 'Seat-118', 'Standard'),
	(1587, 4, 'Seat-018', 'Standard'),
	(1588, 4, 'Seat-019', 'Standard'),
	(1589, 4, 'Seat-119', 'Standard'),
	(1590, 4, 'Seat-019', 'Standard'),
	(1591, 4, 'Seat-020', 'Standard'),
	(1592, 4, 'Seat-120', 'Standard'),
	(1593, 4, 'Seat-020', 'Standard'),
	(1594, 4, 'Seat-021', 'Standard'),
	(1595, 4, 'Seat-121', 'Standard'),
	(1596, 4, 'Seat-021', 'Standard'),
	(1597, 4, 'Seat-022', 'Standard'),
	(1598, 4, 'Seat-122', 'Standard'),
	(1599, 4, 'Seat-022', 'Standard'),
	(1600, 4, 'Seat-023', 'Standard'),
	(1601, 4, 'Seat-123', 'Standard'),
	(1602, 4, 'Seat-023', 'Standard'),
	(1603, 4, 'Seat-024', 'Standard'),
	(1604, 4, 'Seat-124', 'Standard'),
	(1605, 4, 'Seat-024', 'Standard'),
	(1606, 4, 'Seat-025', 'Standard'),
	(1607, 4, 'Seat-125', 'Standard'),
	(1608, 4, 'Seat-025', 'Standard'),
	(1609, 4, 'Seat-026', 'Standard'),
	(1610, 4, 'Seat-126', 'Standard'),
	(1611, 4, 'Seat-026', 'Standard'),
	(1612, 4, 'Seat-027', 'Standard'),
	(1613, 4, 'Seat-127', 'Standard'),
	(1614, 4, 'Seat-027', 'Standard'),
	(1615, 4, 'Seat-028', 'Standard'),
	(1616, 4, 'Seat-128', 'Standard'),
	(1617, 4, 'Seat-028', 'Standard'),
	(1618, 4, 'Seat-029', 'Standard'),
	(1619, 4, 'Seat-129', 'Standard'),
	(1620, 4, 'Seat-029', 'Standard'),
	(1621, 4, 'Seat-030', 'Standard'),
	(1622, 4, 'Seat-130', 'Standard'),
	(1623, 4, 'Seat-030', 'Standard'),
	(1624, 4, 'Seat-031', 'Standard'),
	(1625, 4, 'Seat-131', 'Standard'),
	(1626, 4, 'Seat-031', 'Standard'),
	(1627, 4, 'Seat-032', 'Standard'),
	(1628, 4, 'Seat-132', 'Standard'),
	(1629, 4, 'Seat-032', 'Standard'),
	(1630, 4, 'Seat-033', 'Standard'),
	(1631, 4, 'Seat-133', 'Standard'),
	(1632, 4, 'Seat-033', 'Standard'),
	(1633, 4, 'Seat-034', 'Standard'),
	(1634, 4, 'Seat-134', 'Standard'),
	(1635, 4, 'Seat-034', 'Standard'),
	(1636, 4, 'Seat-035', 'Standard'),
	(1637, 4, 'Seat-135', 'Standard'),
	(1638, 4, 'Seat-035', 'Standard'),
	(1639, 4, 'Seat-036', 'Standard'),
	(1640, 4, 'Seat-136', 'Standard'),
	(1641, 4, 'Seat-036', 'Standard'),
	(1642, 4, 'Seat-037', 'Standard'),
	(1643, 4, 'Seat-137', 'Standard'),
	(1644, 4, 'Seat-037', 'Standard'),
	(1645, 4, 'Seat-038', 'Standard'),
	(1646, 4, 'Seat-138', 'Standard'),
	(1647, 4, 'Seat-038', 'Standard'),
	(1648, 4, 'Seat-039', 'Standard'),
	(1649, 4, 'Seat-139', 'Standard'),
	(1650, 4, 'Seat-039', 'Standard'),
	(1651, 4, 'Seat-040', 'Standard'),
	(1652, 4, 'Seat-140', 'Standard'),
	(1653, 4, 'Seat-040', 'Standard'),
	(1654, 4, 'Seat-041', 'Standard'),
	(1655, 4, 'Seat-141', 'Standard'),
	(1656, 4, 'Seat-041', 'Standard'),
	(1657, 4, 'Seat-042', 'Standard'),
	(1658, 4, 'Seat-142', 'Standard'),
	(1659, 4, 'Seat-042', 'Standard'),
	(1660, 4, 'Seat-043', 'Standard'),
	(1661, 4, 'Seat-143', 'Standard'),
	(1662, 4, 'Seat-043', 'Standard'),
	(1663, 4, 'Seat-044', 'Standard'),
	(1664, 4, 'Seat-144', 'Standard'),
	(1665, 4, 'Seat-044', 'Standard'),
	(1666, 4, 'Seat-045', 'Standard'),
	(1667, 4, 'Seat-145', 'Standard'),
	(1668, 4, 'Seat-045', 'Standard'),
	(1669, 4, 'Seat-046', 'Standard'),
	(1670, 4, 'Seat-146', 'Standard'),
	(1671, 4, 'Seat-046', 'Standard'),
	(1672, 4, 'Seat-047', 'Standard'),
	(1673, 4, 'Seat-147', 'Standard'),
	(1674, 4, 'Seat-047', 'Standard'),
	(1675, 4, 'Seat-048', 'Standard'),
	(1676, 4, 'Seat-148', 'Standard'),
	(1677, 4, 'Seat-048', 'Standard'),
	(1678, 4, 'Seat-049', 'Standard'),
	(1679, 4, 'Seat-149', 'Standard'),
	(1680, 4, 'Seat-049', 'Standard'),
	(1681, 4, 'Seat-050', 'Standard'),
	(1682, 4, 'Seat-150', 'Standard'),
	(1683, 4, 'Seat-050', 'Standard'),
	(1684, 4, 'Seat-051', 'Standard'),
	(1685, 4, 'Seat-151', 'Standard'),
	(1686, 4, 'Seat-051', 'Standard'),
	(1687, 4, 'Seat-052', 'Standard'),
	(1688, 4, 'Seat-152', 'Standard'),
	(1689, 4, 'Seat-052', 'Standard'),
	(1690, 4, 'Seat-053', 'Standard'),
	(1691, 4, 'Seat-153', 'Standard'),
	(1692, 4, 'Seat-053', 'Standard'),
	(1693, 4, 'Seat-054', 'Standard'),
	(1694, 4, 'Seat-154', 'Standard'),
	(1695, 4, 'Seat-054', 'Standard'),
	(1696, 4, 'Seat-055', 'Standard'),
	(1697, 4, 'Seat-155', 'Standard'),
	(1698, 4, 'Seat-055', 'Standard'),
	(1699, 4, 'Seat-056', 'Standard'),
	(1700, 4, 'Seat-156', 'Standard'),
	(1701, 4, 'Seat-056', 'Standard'),
	(1702, 4, 'Seat-057', 'Standard'),
	(1703, 4, 'Seat-157', 'Standard'),
	(1704, 4, 'Seat-057', 'Standard'),
	(1705, 4, 'Seat-058', 'Standard'),
	(1706, 4, 'Seat-158', 'Standard'),
	(1707, 4, 'Seat-058', 'Standard'),
	(1708, 4, 'Seat-059', 'Standard'),
	(1709, 4, 'Seat-159', 'Standard'),
	(1710, 4, 'Seat-059', 'Standard'),
	(1711, 4, 'Seat-060', 'Standard'),
	(1712, 4, 'Seat-160', 'Standard'),
	(1713, 4, 'Seat-060', 'Standard'),
	(1714, 4, 'Seat-061', 'Standard'),
	(1715, 4, 'Seat-161', 'Standard'),
	(1716, 4, 'Seat-061', 'Standard'),
	(1717, 4, 'Seat-062', 'Standard'),
	(1718, 4, 'Seat-162', 'Standard'),
	(1719, 4, 'Seat-062', 'Standard'),
	(1720, 4, 'Seat-063', 'Standard'),
	(1721, 4, 'Seat-163', 'Standard'),
	(1722, 4, 'Seat-063', 'Standard'),
	(1723, 4, 'Seat-064', 'Standard'),
	(1724, 4, 'Seat-164', 'Standard'),
	(1725, 4, 'Seat-064', 'Standard'),
	(1726, 4, 'Seat-065', 'Standard'),
	(1727, 4, 'Seat-165', 'Standard'),
	(1728, 4, 'Seat-065', 'Standard'),
	(1729, 4, 'Seat-066', 'Standard'),
	(1730, 4, 'Seat-166', 'Standard'),
	(1731, 4, 'Seat-066', 'Standard'),
	(1732, 4, 'Seat-067', 'Standard'),
	(1733, 4, 'Seat-167', 'Standard'),
	(1734, 4, 'Seat-067', 'Standard'),
	(1735, 4, 'Seat-068', 'Standard'),
	(1736, 4, 'Seat-168', 'Standard'),
	(1737, 4, 'Seat-068', 'Standard'),
	(1738, 4, 'Seat-069', 'Standard'),
	(1739, 4, 'Seat-169', 'Standard'),
	(1740, 4, 'Seat-069', 'Standard'),
	(1741, 4, 'Seat-070', 'Standard'),
	(1742, 4, 'Seat-170', 'Standard'),
	(1743, 4, 'Seat-070', 'Standard'),
	(1744, 4, 'Seat-071', 'Standard'),
	(1745, 4, 'Seat-171', 'Standard'),
	(1746, 4, 'Seat-071', 'Standard'),
	(1747, 4, 'Seat-072', 'Standard'),
	(1748, 4, 'Seat-172', 'Standard'),
	(1749, 4, 'Seat-072', 'Standard'),
	(1750, 4, 'Seat-073', 'Standard'),
	(1751, 4, 'Seat-173', 'Standard'),
	(1752, 4, 'Seat-073', 'Standard'),
	(1753, 4, 'Seat-074', 'Standard'),
	(1754, 4, 'Seat-174', 'Standard'),
	(1755, 4, 'Seat-074', 'Standard'),
	(1756, 4, 'Seat-075', 'Standard'),
	(1757, 4, 'Seat-175', 'Standard'),
	(1758, 4, 'Seat-075', 'Standard'),
	(1759, 4, 'Seat-076', 'Standard'),
	(1760, 4, 'Seat-176', 'Standard'),
	(1761, 4, 'Seat-076', 'Standard'),
	(1762, 4, 'Seat-077', 'Standard'),
	(1763, 4, 'Seat-177', 'Standard'),
	(1764, 4, 'Seat-077', 'Standard'),
	(1765, 4, 'Seat-078', 'Standard'),
	(1766, 4, 'Seat-178', 'Standard'),
	(1767, 4, 'Seat-078', 'Standard'),
	(1768, 4, 'Seat-079', 'Standard'),
	(1769, 4, 'Seat-179', 'Standard'),
	(1770, 4, 'Seat-079', 'Standard'),
	(1771, 4, 'Seat-080', 'Standard'),
	(1772, 4, 'Seat-180', 'Standard'),
	(1773, 4, 'Seat-080', 'Standard'),
	(1774, 4, 'Seat-081', 'Standard'),
	(1775, 4, 'Seat-181', 'Standard'),
	(1776, 4, 'Seat-081', 'Standard'),
	(1777, 4, 'Seat-082', 'Standard'),
	(1778, 4, 'Seat-182', 'Standard'),
	(1779, 4, 'Seat-082', 'Standard'),
	(1780, 4, 'Seat-083', 'Standard'),
	(1781, 4, 'Seat-183', 'Standard'),
	(1782, 4, 'Seat-083', 'Standard'),
	(1783, 4, 'Seat-084', 'Standard'),
	(1784, 4, 'Seat-184', 'Standard'),
	(1785, 4, 'Seat-084', 'Standard'),
	(1786, 4, 'Seat-085', 'Standard'),
	(1787, 4, 'Seat-185', 'Standard'),
	(1788, 4, 'Seat-085', 'Standard'),
	(1789, 4, 'Seat-086', 'Standard'),
	(1790, 4, 'Seat-186', 'Standard'),
	(1791, 4, 'Seat-086', 'Standard'),
	(1792, 4, 'Seat-087', 'Standard'),
	(1793, 4, 'Seat-187', 'Standard'),
	(1794, 4, 'Seat-087', 'Standard'),
	(1795, 4, 'Seat-088', 'Standard'),
	(1796, 4, 'Seat-188', 'Standard'),
	(1797, 4, 'Seat-088', 'Standard'),
	(1798, 4, 'Seat-089', 'Standard'),
	(1799, 4, 'Seat-189', 'Standard'),
	(1800, 4, 'Seat-089', 'Standard'),
	(1801, 4, 'Seat-090', 'Standard'),
	(1802, 4, 'Seat-190', 'Standard'),
	(1803, 4, 'Seat-090', 'Standard'),
	(1804, 4, 'Seat-091', 'Standard'),
	(1805, 4, 'Seat-191', 'Standard'),
	(1806, 4, 'Seat-091', 'Standard'),
	(1807, 4, 'Seat-092', 'Standard'),
	(1808, 4, 'Seat-192', 'Standard'),
	(1809, 4, 'Seat-092', 'Standard'),
	(1810, 4, 'Seat-093', 'Standard'),
	(1811, 4, 'Seat-193', 'Standard'),
	(1812, 4, 'Seat-093', 'Standard'),
	(1813, 4, 'Seat-094', 'Standard'),
	(1814, 4, 'Seat-194', 'Standard'),
	(1815, 4, 'Seat-094', 'Standard'),
	(1816, 4, 'Seat-095', 'Standard'),
	(1817, 4, 'Seat-195', 'Standard'),
	(1818, 4, 'Seat-095', 'Standard'),
	(1819, 4, 'Seat-096', 'Standard'),
	(1820, 4, 'Seat-196', 'Standard'),
	(1821, 4, 'Seat-096', 'Standard'),
	(1822, 4, 'Seat-097', 'Standard'),
	(1823, 4, 'Seat-197', 'Standard'),
	(1824, 4, 'Seat-097', 'Standard'),
	(1825, 4, 'Seat-098', 'Standard'),
	(1826, 4, 'Seat-198', 'Standard'),
	(1827, 4, 'Seat-098', 'Standard'),
	(1828, 4, 'Seat-099', 'Standard'),
	(1829, 4, 'Seat-199', 'Standard'),
	(1830, 4, 'Seat-099', 'Standard'),
	(1831, 4, 'Seat-100', 'Standard'),
	(1832, 4, 'Seat-200', 'Standard'),
	(1833, 4, 'Seat-100', 'Standard'),
	(2045, 5, 'Seat-001', 'Standard'),
	(2046, 5, 'Seat-101', 'Standard'),
	(2047, 5, 'Seat-001', 'Standard'),
	(2048, 5, 'Seat-002', 'Standard'),
	(2049, 5, 'Seat-102', 'Standard'),
	(2050, 5, 'Seat-002', 'Standard'),
	(2051, 5, 'Seat-003', 'Standard'),
	(2052, 5, 'Seat-103', 'Standard'),
	(2053, 5, 'Seat-003', 'Standard'),
	(2054, 5, 'Seat-004', 'Standard'),
	(2055, 5, 'Seat-104', 'Standard'),
	(2056, 5, 'Seat-004', 'Standard'),
	(2057, 5, 'Seat-005', 'Standard'),
	(2058, 5, 'Seat-105', 'Standard'),
	(2059, 5, 'Seat-005', 'Standard'),
	(2060, 5, 'Seat-006', 'Standard'),
	(2061, 5, 'Seat-106', 'Standard'),
	(2062, 5, 'Seat-006', 'Standard'),
	(2063, 5, 'Seat-007', 'Standard'),
	(2064, 5, 'Seat-107', 'Standard'),
	(2065, 5, 'Seat-007', 'Standard'),
	(2066, 5, 'Seat-008', 'Standard'),
	(2067, 5, 'Seat-108', 'Standard'),
	(2068, 5, 'Seat-008', 'Standard'),
	(2069, 5, 'Seat-009', 'Standard'),
	(2070, 5, 'Seat-109', 'Standard'),
	(2071, 5, 'Seat-009', 'Standard'),
	(2072, 5, 'Seat-010', 'Standard'),
	(2073, 5, 'Seat-110', 'Standard'),
	(2074, 5, 'Seat-010', 'Standard'),
	(2075, 5, 'Seat-011', 'Standard'),
	(2076, 5, 'Seat-111', 'Standard'),
	(2077, 5, 'Seat-011', 'Standard'),
	(2078, 5, 'Seat-012', 'Standard'),
	(2079, 5, 'Seat-112', 'Standard'),
	(2080, 5, 'Seat-012', 'Standard'),
	(2081, 5, 'Seat-013', 'Standard'),
	(2082, 5, 'Seat-113', 'Standard'),
	(2083, 5, 'Seat-013', 'Standard'),
	(2084, 5, 'Seat-014', 'Standard'),
	(2085, 5, 'Seat-114', 'Standard'),
	(2086, 5, 'Seat-014', 'Standard'),
	(2087, 5, 'Seat-015', 'Standard'),
	(2088, 5, 'Seat-115', 'Standard'),
	(2089, 5, 'Seat-015', 'Standard'),
	(2090, 5, 'Seat-016', 'Standard'),
	(2091, 5, 'Seat-116', 'Standard'),
	(2092, 5, 'Seat-016', 'Standard'),
	(2093, 5, 'Seat-017', 'Standard'),
	(2094, 5, 'Seat-117', 'Standard'),
	(2095, 5, 'Seat-017', 'Standard'),
	(2096, 5, 'Seat-018', 'Standard'),
	(2097, 5, 'Seat-118', 'Standard'),
	(2098, 5, 'Seat-018', 'Standard'),
	(2099, 5, 'Seat-019', 'Standard'),
	(2100, 5, 'Seat-119', 'Standard'),
	(2101, 5, 'Seat-019', 'Standard'),
	(2102, 5, 'Seat-020', 'Standard'),
	(2103, 5, 'Seat-120', 'Standard'),
	(2104, 5, 'Seat-020', 'Standard'),
	(2105, 5, 'Seat-021', 'Standard'),
	(2106, 5, 'Seat-121', 'Standard'),
	(2107, 5, 'Seat-021', 'Standard'),
	(2108, 5, 'Seat-022', 'Standard'),
	(2109, 5, 'Seat-122', 'Standard'),
	(2110, 5, 'Seat-022', 'Standard'),
	(2111, 5, 'Seat-023', 'Standard'),
	(2112, 5, 'Seat-123', 'Standard'),
	(2113, 5, 'Seat-023', 'Standard'),
	(2114, 5, 'Seat-024', 'Standard'),
	(2115, 5, 'Seat-124', 'Standard'),
	(2116, 5, 'Seat-024', 'Standard'),
	(2117, 5, 'Seat-025', 'Standard'),
	(2118, 5, 'Seat-125', 'Standard'),
	(2119, 5, 'Seat-025', 'Standard'),
	(2120, 5, 'Seat-026', 'Standard'),
	(2121, 5, 'Seat-126', 'Standard'),
	(2122, 5, 'Seat-026', 'Standard'),
	(2123, 5, 'Seat-027', 'Standard'),
	(2124, 5, 'Seat-127', 'Standard'),
	(2125, 5, 'Seat-027', 'Standard'),
	(2126, 5, 'Seat-028', 'Standard'),
	(2127, 5, 'Seat-128', 'Standard'),
	(2128, 5, 'Seat-028', 'Standard'),
	(2129, 5, 'Seat-029', 'Standard'),
	(2130, 5, 'Seat-129', 'Standard'),
	(2131, 5, 'Seat-029', 'Standard'),
	(2132, 5, 'Seat-030', 'Standard'),
	(2133, 5, 'Seat-130', 'Standard'),
	(2134, 5, 'Seat-030', 'Standard'),
	(2135, 5, 'Seat-031', 'Standard'),
	(2136, 5, 'Seat-131', 'Standard'),
	(2137, 5, 'Seat-031', 'Standard'),
	(2138, 5, 'Seat-032', 'Standard'),
	(2139, 5, 'Seat-132', 'Standard'),
	(2140, 5, 'Seat-032', 'Standard'),
	(2141, 5, 'Seat-033', 'Standard'),
	(2142, 5, 'Seat-133', 'Standard'),
	(2143, 5, 'Seat-033', 'Standard'),
	(2144, 5, 'Seat-034', 'Standard'),
	(2145, 5, 'Seat-134', 'Standard'),
	(2146, 5, 'Seat-034', 'Standard'),
	(2147, 5, 'Seat-035', 'Standard'),
	(2148, 5, 'Seat-135', 'Standard'),
	(2149, 5, 'Seat-035', 'Standard'),
	(2150, 5, 'Seat-036', 'Standard'),
	(2151, 5, 'Seat-136', 'Standard'),
	(2152, 5, 'Seat-036', 'Standard'),
	(2153, 5, 'Seat-037', 'Standard'),
	(2154, 5, 'Seat-137', 'Standard'),
	(2155, 5, 'Seat-037', 'Standard'),
	(2156, 5, 'Seat-038', 'Standard'),
	(2157, 5, 'Seat-138', 'Standard'),
	(2158, 5, 'Seat-038', 'Standard'),
	(2159, 5, 'Seat-039', 'Standard'),
	(2160, 5, 'Seat-139', 'Standard'),
	(2161, 5, 'Seat-039', 'Standard'),
	(2162, 5, 'Seat-040', 'Standard'),
	(2163, 5, 'Seat-140', 'Standard'),
	(2164, 5, 'Seat-040', 'Standard'),
	(2165, 5, 'Seat-041', 'Standard'),
	(2166, 5, 'Seat-141', 'Standard'),
	(2167, 5, 'Seat-041', 'Standard'),
	(2168, 5, 'Seat-042', 'Standard'),
	(2169, 5, 'Seat-142', 'Standard'),
	(2170, 5, 'Seat-042', 'Standard'),
	(2171, 5, 'Seat-043', 'Standard'),
	(2172, 5, 'Seat-143', 'Standard'),
	(2173, 5, 'Seat-043', 'Standard'),
	(2174, 5, 'Seat-044', 'Standard'),
	(2175, 5, 'Seat-144', 'Standard'),
	(2176, 5, 'Seat-044', 'Standard'),
	(2177, 5, 'Seat-045', 'Standard'),
	(2178, 5, 'Seat-145', 'Standard'),
	(2179, 5, 'Seat-045', 'Standard'),
	(2180, 5, 'Seat-046', 'Standard'),
	(2181, 5, 'Seat-146', 'Standard'),
	(2182, 5, 'Seat-046', 'Standard'),
	(2183, 5, 'Seat-047', 'Standard'),
	(2184, 5, 'Seat-147', 'Standard'),
	(2185, 5, 'Seat-047', 'Standard'),
	(2186, 5, 'Seat-048', 'Standard'),
	(2187, 5, 'Seat-148', 'Standard'),
	(2188, 5, 'Seat-048', 'Standard'),
	(2189, 5, 'Seat-049', 'Standard'),
	(2190, 5, 'Seat-149', 'Standard'),
	(2191, 5, 'Seat-049', 'Standard'),
	(2192, 5, 'Seat-050', 'Standard'),
	(2193, 5, 'Seat-150', 'Standard'),
	(2194, 5, 'Seat-050', 'Standard'),
	(2195, 5, 'Seat-051', 'Standard'),
	(2196, 5, 'Seat-151', 'Standard'),
	(2197, 5, 'Seat-051', 'Standard'),
	(2198, 5, 'Seat-052', 'Standard'),
	(2199, 5, 'Seat-152', 'Standard'),
	(2200, 5, 'Seat-052', 'Standard'),
	(2201, 5, 'Seat-053', 'Standard'),
	(2202, 5, 'Seat-153', 'Standard'),
	(2203, 5, 'Seat-053', 'Standard'),
	(2204, 5, 'Seat-054', 'Standard'),
	(2205, 5, 'Seat-154', 'Standard'),
	(2206, 5, 'Seat-054', 'Standard'),
	(2207, 5, 'Seat-055', 'Standard'),
	(2208, 5, 'Seat-155', 'Standard'),
	(2209, 5, 'Seat-055', 'Standard'),
	(2210, 5, 'Seat-056', 'Standard'),
	(2211, 5, 'Seat-156', 'Standard'),
	(2212, 5, 'Seat-056', 'Standard'),
	(2213, 5, 'Seat-057', 'Standard'),
	(2214, 5, 'Seat-157', 'Standard'),
	(2215, 5, 'Seat-057', 'Standard'),
	(2216, 5, 'Seat-058', 'Standard'),
	(2217, 5, 'Seat-158', 'Standard'),
	(2218, 5, 'Seat-058', 'Standard'),
	(2219, 5, 'Seat-059', 'Standard'),
	(2220, 5, 'Seat-159', 'Standard'),
	(2221, 5, 'Seat-059', 'Standard'),
	(2222, 5, 'Seat-060', 'Standard'),
	(2223, 5, 'Seat-160', 'Standard'),
	(2224, 5, 'Seat-060', 'Standard'),
	(2225, 5, 'Seat-061', 'Standard'),
	(2226, 5, 'Seat-161', 'Standard'),
	(2227, 5, 'Seat-061', 'Standard'),
	(2228, 5, 'Seat-062', 'Standard'),
	(2229, 5, 'Seat-162', 'Standard'),
	(2230, 5, 'Seat-062', 'Standard'),
	(2231, 5, 'Seat-063', 'Standard'),
	(2232, 5, 'Seat-163', 'Standard'),
	(2233, 5, 'Seat-063', 'Standard'),
	(2234, 5, 'Seat-064', 'Standard'),
	(2235, 5, 'Seat-164', 'Standard'),
	(2236, 5, 'Seat-064', 'Standard'),
	(2237, 5, 'Seat-065', 'Standard'),
	(2238, 5, 'Seat-165', 'Standard'),
	(2239, 5, 'Seat-065', 'Standard'),
	(2240, 5, 'Seat-066', 'Standard'),
	(2241, 5, 'Seat-166', 'Standard'),
	(2242, 5, 'Seat-066', 'Standard'),
	(2243, 5, 'Seat-067', 'Standard'),
	(2244, 5, 'Seat-167', 'Standard'),
	(2245, 5, 'Seat-067', 'Standard'),
	(2246, 5, 'Seat-068', 'Standard'),
	(2247, 5, 'Seat-168', 'Standard'),
	(2248, 5, 'Seat-068', 'Standard'),
	(2249, 5, 'Seat-069', 'Standard'),
	(2250, 5, 'Seat-169', 'Standard'),
	(2251, 5, 'Seat-069', 'Standard'),
	(2252, 5, 'Seat-070', 'Standard'),
	(2253, 5, 'Seat-170', 'Standard'),
	(2254, 5, 'Seat-070', 'Standard'),
	(2255, 5, 'Seat-071', 'Standard'),
	(2256, 5, 'Seat-171', 'Standard'),
	(2257, 5, 'Seat-071', 'Standard'),
	(2258, 5, 'Seat-072', 'Standard'),
	(2259, 5, 'Seat-172', 'Standard'),
	(2260, 5, 'Seat-072', 'Standard'),
	(2261, 5, 'Seat-073', 'Standard'),
	(2262, 5, 'Seat-173', 'Standard'),
	(2263, 5, 'Seat-073', 'Standard'),
	(2264, 5, 'Seat-074', 'Standard'),
	(2265, 5, 'Seat-174', 'Standard'),
	(2266, 5, 'Seat-074', 'Standard'),
	(2267, 5, 'Seat-075', 'Standard'),
	(2268, 5, 'Seat-175', 'Standard'),
	(2269, 5, 'Seat-075', 'Standard'),
	(2270, 5, 'Seat-076', 'Standard'),
	(2271, 5, 'Seat-176', 'Standard'),
	(2272, 5, 'Seat-076', 'Standard'),
	(2273, 5, 'Seat-077', 'Standard'),
	(2274, 5, 'Seat-177', 'Standard'),
	(2275, 5, 'Seat-077', 'Standard'),
	(2276, 5, 'Seat-078', 'Standard'),
	(2277, 5, 'Seat-178', 'Standard'),
	(2278, 5, 'Seat-078', 'Standard'),
	(2279, 5, 'Seat-079', 'Standard'),
	(2280, 5, 'Seat-179', 'Standard'),
	(2281, 5, 'Seat-079', 'Standard'),
	(2282, 5, 'Seat-080', 'Standard'),
	(2283, 5, 'Seat-180', 'Standard'),
	(2284, 5, 'Seat-080', 'Standard'),
	(2285, 5, 'Seat-081', 'Standard'),
	(2286, 5, 'Seat-181', 'Standard'),
	(2287, 5, 'Seat-081', 'Standard'),
	(2288, 5, 'Seat-082', 'Standard'),
	(2289, 5, 'Seat-182', 'Standard'),
	(2290, 5, 'Seat-082', 'Standard'),
	(2291, 5, 'Seat-083', 'Standard'),
	(2292, 5, 'Seat-183', 'Standard'),
	(2293, 5, 'Seat-083', 'Standard'),
	(2294, 5, 'Seat-084', 'Standard'),
	(2295, 5, 'Seat-184', 'Standard'),
	(2296, 5, 'Seat-084', 'Standard'),
	(2297, 5, 'Seat-085', 'Standard'),
	(2298, 5, 'Seat-185', 'Standard'),
	(2299, 5, 'Seat-085', 'Standard'),
	(2300, 5, 'Seat-086', 'Standard'),
	(2301, 5, 'Seat-186', 'Standard'),
	(2302, 5, 'Seat-086', 'Standard'),
	(2303, 5, 'Seat-087', 'Standard'),
	(2304, 5, 'Seat-187', 'Standard'),
	(2305, 5, 'Seat-087', 'Standard'),
	(2306, 5, 'Seat-088', 'Standard'),
	(2307, 5, 'Seat-188', 'Standard'),
	(2308, 5, 'Seat-088', 'Standard'),
	(2309, 5, 'Seat-089', 'Standard'),
	(2310, 5, 'Seat-189', 'Standard'),
	(2311, 5, 'Seat-089', 'Standard'),
	(2312, 5, 'Seat-090', 'Standard'),
	(2313, 5, 'Seat-190', 'Standard'),
	(2314, 5, 'Seat-090', 'Standard'),
	(2315, 5, 'Seat-091', 'Standard'),
	(2316, 5, 'Seat-191', 'Standard'),
	(2317, 5, 'Seat-091', 'Standard'),
	(2318, 5, 'Seat-092', 'Standard'),
	(2319, 5, 'Seat-192', 'Standard'),
	(2320, 5, 'Seat-092', 'Standard'),
	(2321, 5, 'Seat-093', 'Standard'),
	(2322, 5, 'Seat-193', 'Standard'),
	(2323, 5, 'Seat-093', 'Standard'),
	(2324, 5, 'Seat-094', 'Standard'),
	(2325, 5, 'Seat-194', 'Standard'),
	(2326, 5, 'Seat-094', 'Standard'),
	(2327, 5, 'Seat-095', 'Standard'),
	(2328, 5, 'Seat-195', 'Standard'),
	(2329, 5, 'Seat-095', 'Standard'),
	(2330, 5, 'Seat-096', 'Standard'),
	(2331, 5, 'Seat-196', 'Standard'),
	(2332, 5, 'Seat-096', 'Standard'),
	(2333, 5, 'Seat-097', 'Standard'),
	(2334, 5, 'Seat-197', 'Standard'),
	(2335, 5, 'Seat-097', 'Standard'),
	(2336, 5, 'Seat-098', 'Standard'),
	(2337, 5, 'Seat-198', 'Standard'),
	(2338, 5, 'Seat-098', 'Standard'),
	(2339, 5, 'Seat-099', 'Standard'),
	(2340, 5, 'Seat-199', 'Standard'),
	(2341, 5, 'Seat-099', 'Standard'),
	(2342, 5, 'Seat-100', 'Standard'),
	(2343, 5, 'Seat-200', 'Standard'),
	(2344, 5, 'Seat-100', 'Standard'),
	(2556, 6, 'Seat-001', 'Standard'),
	(2557, 6, 'Seat-101', 'Standard'),
	(2558, 6, 'Seat-001', 'Standard'),
	(2559, 6, 'Seat-002', 'Standard'),
	(2560, 6, 'Seat-102', 'Standard'),
	(2561, 6, 'Seat-002', 'Standard'),
	(2562, 6, 'Seat-003', 'Standard'),
	(2563, 6, 'Seat-103', 'Standard'),
	(2564, 6, 'Seat-003', 'Standard'),
	(2565, 6, 'Seat-004', 'Standard'),
	(2566, 6, 'Seat-104', 'Standard'),
	(2567, 6, 'Seat-004', 'Standard'),
	(2568, 6, 'Seat-005', 'Standard'),
	(2569, 6, 'Seat-105', 'Standard'),
	(2570, 6, 'Seat-005', 'Standard'),
	(2571, 6, 'Seat-006', 'Standard'),
	(2572, 6, 'Seat-106', 'Standard'),
	(2573, 6, 'Seat-006', 'Standard'),
	(2574, 6, 'Seat-007', 'Standard'),
	(2575, 6, 'Seat-107', 'Standard'),
	(2576, 6, 'Seat-007', 'Standard'),
	(2577, 6, 'Seat-008', 'Standard'),
	(2578, 6, 'Seat-108', 'Standard'),
	(2579, 6, 'Seat-008', 'Standard'),
	(2580, 6, 'Seat-009', 'Standard'),
	(2581, 6, 'Seat-109', 'Standard'),
	(2582, 6, 'Seat-009', 'Standard'),
	(2583, 6, 'Seat-010', 'Standard'),
	(2584, 6, 'Seat-110', 'Standard'),
	(2585, 6, 'Seat-010', 'Standard'),
	(2586, 6, 'Seat-011', 'Standard'),
	(2587, 6, 'Seat-111', 'Standard'),
	(2588, 6, 'Seat-011', 'Standard'),
	(2589, 6, 'Seat-012', 'Standard'),
	(2590, 6, 'Seat-112', 'Standard'),
	(2591, 6, 'Seat-012', 'Standard'),
	(2592, 6, 'Seat-013', 'Standard'),
	(2593, 6, 'Seat-113', 'Standard'),
	(2594, 6, 'Seat-013', 'Standard'),
	(2595, 6, 'Seat-014', 'Standard'),
	(2596, 6, 'Seat-114', 'Standard'),
	(2597, 6, 'Seat-014', 'Standard'),
	(2598, 6, 'Seat-015', 'Standard'),
	(2599, 6, 'Seat-115', 'Standard'),
	(2600, 6, 'Seat-015', 'Standard'),
	(2601, 6, 'Seat-016', 'Standard'),
	(2602, 6, 'Seat-116', 'Standard'),
	(2603, 6, 'Seat-016', 'Standard'),
	(2604, 6, 'Seat-017', 'Standard'),
	(2605, 6, 'Seat-117', 'Standard'),
	(2606, 6, 'Seat-017', 'Standard'),
	(2607, 6, 'Seat-018', 'Standard'),
	(2608, 6, 'Seat-118', 'Standard'),
	(2609, 6, 'Seat-018', 'Standard'),
	(2610, 6, 'Seat-019', 'Standard'),
	(2611, 6, 'Seat-119', 'Standard'),
	(2612, 6, 'Seat-019', 'Standard'),
	(2613, 6, 'Seat-020', 'Standard'),
	(2614, 6, 'Seat-120', 'Standard'),
	(2615, 6, 'Seat-020', 'Standard'),
	(2616, 6, 'Seat-021', 'Standard'),
	(2617, 6, 'Seat-121', 'Standard'),
	(2618, 6, 'Seat-021', 'Standard'),
	(2619, 6, 'Seat-022', 'Standard'),
	(2620, 6, 'Seat-122', 'Standard'),
	(2621, 6, 'Seat-022', 'Standard'),
	(2622, 6, 'Seat-023', 'Standard'),
	(2623, 6, 'Seat-123', 'Standard'),
	(2624, 6, 'Seat-023', 'Standard'),
	(2625, 6, 'Seat-024', 'Standard'),
	(2626, 6, 'Seat-124', 'Standard'),
	(2627, 6, 'Seat-024', 'Standard'),
	(2628, 6, 'Seat-025', 'Standard'),
	(2629, 6, 'Seat-125', 'Standard'),
	(2630, 6, 'Seat-025', 'Standard'),
	(2631, 6, 'Seat-026', 'Standard'),
	(2632, 6, 'Seat-126', 'Standard'),
	(2633, 6, 'Seat-026', 'Standard'),
	(2634, 6, 'Seat-027', 'Standard'),
	(2635, 6, 'Seat-127', 'Standard'),
	(2636, 6, 'Seat-027', 'Standard'),
	(2637, 6, 'Seat-028', 'Standard'),
	(2638, 6, 'Seat-128', 'Standard'),
	(2639, 6, 'Seat-028', 'Standard'),
	(2640, 6, 'Seat-029', 'Standard'),
	(2641, 6, 'Seat-129', 'Standard'),
	(2642, 6, 'Seat-029', 'Standard'),
	(2643, 6, 'Seat-030', 'Standard'),
	(2644, 6, 'Seat-130', 'Standard'),
	(2645, 6, 'Seat-030', 'Standard'),
	(2646, 6, 'Seat-031', 'Standard'),
	(2647, 6, 'Seat-131', 'Standard'),
	(2648, 6, 'Seat-031', 'Standard'),
	(2649, 6, 'Seat-032', 'Standard'),
	(2650, 6, 'Seat-132', 'Standard'),
	(2651, 6, 'Seat-032', 'Standard'),
	(2652, 6, 'Seat-033', 'Standard'),
	(2653, 6, 'Seat-133', 'Standard'),
	(2654, 6, 'Seat-033', 'Standard'),
	(2655, 6, 'Seat-034', 'Standard'),
	(2656, 6, 'Seat-134', 'Standard'),
	(2657, 6, 'Seat-034', 'Standard'),
	(2658, 6, 'Seat-035', 'Standard'),
	(2659, 6, 'Seat-135', 'Standard'),
	(2660, 6, 'Seat-035', 'Standard'),
	(2661, 6, 'Seat-036', 'Standard'),
	(2662, 6, 'Seat-136', 'Standard'),
	(2663, 6, 'Seat-036', 'Standard'),
	(2664, 6, 'Seat-037', 'Standard'),
	(2665, 6, 'Seat-137', 'Standard'),
	(2666, 6, 'Seat-037', 'Standard'),
	(2667, 6, 'Seat-038', 'Standard'),
	(2668, 6, 'Seat-138', 'Standard'),
	(2669, 6, 'Seat-038', 'Standard'),
	(2670, 6, 'Seat-039', 'Standard'),
	(2671, 6, 'Seat-139', 'Standard'),
	(2672, 6, 'Seat-039', 'Standard'),
	(2673, 6, 'Seat-040', 'Standard'),
	(2674, 6, 'Seat-140', 'Standard'),
	(2675, 6, 'Seat-040', 'Standard'),
	(2676, 6, 'Seat-041', 'Standard'),
	(2677, 6, 'Seat-141', 'Standard'),
	(2678, 6, 'Seat-041', 'Standard'),
	(2679, 6, 'Seat-042', 'Standard'),
	(2680, 6, 'Seat-142', 'Standard'),
	(2681, 6, 'Seat-042', 'Standard'),
	(2682, 6, 'Seat-043', 'Standard'),
	(2683, 6, 'Seat-143', 'Standard'),
	(2684, 6, 'Seat-043', 'Standard'),
	(2685, 6, 'Seat-044', 'Standard'),
	(2686, 6, 'Seat-144', 'Standard'),
	(2687, 6, 'Seat-044', 'Standard'),
	(2688, 6, 'Seat-045', 'Standard'),
	(2689, 6, 'Seat-145', 'Standard'),
	(2690, 6, 'Seat-045', 'Standard'),
	(2691, 6, 'Seat-046', 'Standard'),
	(2692, 6, 'Seat-146', 'Standard'),
	(2693, 6, 'Seat-046', 'Standard'),
	(2694, 6, 'Seat-047', 'Standard'),
	(2695, 6, 'Seat-147', 'Standard'),
	(2696, 6, 'Seat-047', 'Standard'),
	(2697, 6, 'Seat-048', 'Standard'),
	(2698, 6, 'Seat-148', 'Standard'),
	(2699, 6, 'Seat-048', 'Standard'),
	(2700, 6, 'Seat-049', 'Standard'),
	(2701, 6, 'Seat-149', 'Standard'),
	(2702, 6, 'Seat-049', 'Standard'),
	(2703, 6, 'Seat-050', 'Standard'),
	(2704, 6, 'Seat-150', 'Standard'),
	(2705, 6, 'Seat-050', 'Standard'),
	(2706, 6, 'Seat-051', 'Standard'),
	(2707, 6, 'Seat-151', 'Standard'),
	(2708, 6, 'Seat-051', 'Standard'),
	(2709, 6, 'Seat-052', 'Standard'),
	(2710, 6, 'Seat-152', 'Standard'),
	(2711, 6, 'Seat-052', 'Standard'),
	(2712, 6, 'Seat-053', 'Standard'),
	(2713, 6, 'Seat-153', 'Standard'),
	(2714, 6, 'Seat-053', 'Standard'),
	(2715, 6, 'Seat-054', 'Standard'),
	(2716, 6, 'Seat-154', 'Standard'),
	(2717, 6, 'Seat-054', 'Standard'),
	(2718, 6, 'Seat-055', 'Standard'),
	(2719, 6, 'Seat-155', 'Standard'),
	(2720, 6, 'Seat-055', 'Standard'),
	(2721, 6, 'Seat-056', 'Standard'),
	(2722, 6, 'Seat-156', 'Standard'),
	(2723, 6, 'Seat-056', 'Standard'),
	(2724, 6, 'Seat-057', 'Standard'),
	(2725, 6, 'Seat-157', 'Standard'),
	(2726, 6, 'Seat-057', 'Standard'),
	(2727, 6, 'Seat-058', 'Standard'),
	(2728, 6, 'Seat-158', 'Standard'),
	(2729, 6, 'Seat-058', 'Standard'),
	(2730, 6, 'Seat-059', 'Standard'),
	(2731, 6, 'Seat-159', 'Standard'),
	(2732, 6, 'Seat-059', 'Standard'),
	(2733, 6, 'Seat-060', 'Standard'),
	(2734, 6, 'Seat-160', 'Standard'),
	(2735, 6, 'Seat-060', 'Standard'),
	(2736, 6, 'Seat-061', 'Standard'),
	(2737, 6, 'Seat-161', 'Standard'),
	(2738, 6, 'Seat-061', 'Standard'),
	(2739, 6, 'Seat-062', 'Standard'),
	(2740, 6, 'Seat-162', 'Standard'),
	(2741, 6, 'Seat-062', 'Standard'),
	(2742, 6, 'Seat-063', 'Standard'),
	(2743, 6, 'Seat-163', 'Standard'),
	(2744, 6, 'Seat-063', 'Standard'),
	(2745, 6, 'Seat-064', 'Standard'),
	(2746, 6, 'Seat-164', 'Standard'),
	(2747, 6, 'Seat-064', 'Standard'),
	(2748, 6, 'Seat-065', 'Standard'),
	(2749, 6, 'Seat-165', 'Standard'),
	(2750, 6, 'Seat-065', 'Standard'),
	(2751, 6, 'Seat-066', 'Standard'),
	(2752, 6, 'Seat-166', 'Standard'),
	(2753, 6, 'Seat-066', 'Standard'),
	(2754, 6, 'Seat-067', 'Standard'),
	(2755, 6, 'Seat-167', 'Standard'),
	(2756, 6, 'Seat-067', 'Standard'),
	(2757, 6, 'Seat-068', 'Standard'),
	(2758, 6, 'Seat-168', 'Standard'),
	(2759, 6, 'Seat-068', 'Standard'),
	(2760, 6, 'Seat-069', 'Standard'),
	(2761, 6, 'Seat-169', 'Standard'),
	(2762, 6, 'Seat-069', 'Standard'),
	(2763, 6, 'Seat-070', 'Standard'),
	(2764, 6, 'Seat-170', 'Standard'),
	(2765, 6, 'Seat-070', 'Standard'),
	(2766, 6, 'Seat-071', 'Standard'),
	(2767, 6, 'Seat-171', 'Standard'),
	(2768, 6, 'Seat-071', 'Standard'),
	(2769, 6, 'Seat-072', 'Standard'),
	(2770, 6, 'Seat-172', 'Standard'),
	(2771, 6, 'Seat-072', 'Standard'),
	(2772, 6, 'Seat-073', 'Standard'),
	(2773, 6, 'Seat-173', 'Standard'),
	(2774, 6, 'Seat-073', 'Standard'),
	(2775, 6, 'Seat-074', 'Standard'),
	(2776, 6, 'Seat-174', 'Standard'),
	(2777, 6, 'Seat-074', 'Standard'),
	(2778, 6, 'Seat-075', 'Standard'),
	(2779, 6, 'Seat-175', 'Standard'),
	(2780, 6, 'Seat-075', 'Standard'),
	(2781, 6, 'Seat-076', 'Standard'),
	(2782, 6, 'Seat-176', 'Standard'),
	(2783, 6, 'Seat-076', 'Standard'),
	(2784, 6, 'Seat-077', 'Standard'),
	(2785, 6, 'Seat-177', 'Standard'),
	(2786, 6, 'Seat-077', 'Standard'),
	(2787, 6, 'Seat-078', 'Standard'),
	(2788, 6, 'Seat-178', 'Standard'),
	(2789, 6, 'Seat-078', 'Standard'),
	(2790, 6, 'Seat-079', 'Standard'),
	(2791, 6, 'Seat-179', 'Standard'),
	(2792, 6, 'Seat-079', 'Standard'),
	(2793, 6, 'Seat-080', 'Standard'),
	(2794, 6, 'Seat-180', 'Standard'),
	(2795, 6, 'Seat-080', 'Standard'),
	(2796, 6, 'Seat-081', 'Standard'),
	(2797, 6, 'Seat-181', 'Standard'),
	(2798, 6, 'Seat-081', 'Standard'),
	(2799, 6, 'Seat-082', 'Standard'),
	(2800, 6, 'Seat-182', 'Standard'),
	(2801, 6, 'Seat-082', 'Standard'),
	(2802, 6, 'Seat-083', 'Standard'),
	(2803, 6, 'Seat-183', 'Standard'),
	(2804, 6, 'Seat-083', 'Standard'),
	(2805, 6, 'Seat-084', 'Standard'),
	(2806, 6, 'Seat-184', 'Standard'),
	(2807, 6, 'Seat-084', 'Standard'),
	(2808, 6, 'Seat-085', 'Standard'),
	(2809, 6, 'Seat-185', 'Standard'),
	(2810, 6, 'Seat-085', 'Standard'),
	(2811, 6, 'Seat-086', 'Standard'),
	(2812, 6, 'Seat-186', 'Standard'),
	(2813, 6, 'Seat-086', 'Standard'),
	(2814, 6, 'Seat-087', 'Standard'),
	(2815, 6, 'Seat-187', 'Standard'),
	(2816, 6, 'Seat-087', 'Standard'),
	(2817, 6, 'Seat-088', 'Standard'),
	(2818, 6, 'Seat-188', 'Standard'),
	(2819, 6, 'Seat-088', 'Standard'),
	(2820, 6, 'Seat-089', 'Standard'),
	(2821, 6, 'Seat-189', 'Standard'),
	(2822, 6, 'Seat-089', 'Standard'),
	(2823, 6, 'Seat-090', 'Standard'),
	(2824, 6, 'Seat-190', 'Standard'),
	(2825, 6, 'Seat-090', 'Standard'),
	(2826, 6, 'Seat-091', 'Standard'),
	(2827, 6, 'Seat-191', 'Standard'),
	(2828, 6, 'Seat-091', 'Standard'),
	(2829, 6, 'Seat-092', 'Standard'),
	(2830, 6, 'Seat-192', 'Standard'),
	(2831, 6, 'Seat-092', 'Standard'),
	(2832, 6, 'Seat-093', 'Standard'),
	(2833, 6, 'Seat-193', 'Standard'),
	(2834, 6, 'Seat-093', 'Standard'),
	(2835, 6, 'Seat-094', 'Standard'),
	(2836, 6, 'Seat-194', 'Standard'),
	(2837, 6, 'Seat-094', 'Standard'),
	(2838, 6, 'Seat-095', 'Standard'),
	(2839, 6, 'Seat-195', 'Standard'),
	(2840, 6, 'Seat-095', 'Standard'),
	(2841, 6, 'Seat-096', 'Standard'),
	(2842, 6, 'Seat-196', 'Standard'),
	(2843, 6, 'Seat-096', 'Standard'),
	(2844, 6, 'Seat-097', 'Standard'),
	(2845, 6, 'Seat-197', 'Standard'),
	(2846, 6, 'Seat-097', 'Standard'),
	(2847, 6, 'Seat-098', 'Standard'),
	(2848, 6, 'Seat-198', 'Standard'),
	(2849, 6, 'Seat-098', 'Standard'),
	(2850, 6, 'Seat-099', 'Standard'),
	(2851, 6, 'Seat-199', 'Standard'),
	(2852, 6, 'Seat-099', 'Standard'),
	(2853, 6, 'Seat-100', 'Standard'),
	(2854, 6, 'Seat-200', 'Standard'),
	(2855, 6, 'Seat-100', 'Standard'),
	(3067, 7, 'Seat-001', 'Standard'),
	(3068, 7, 'Seat-101', 'Standard'),
	(3069, 7, 'Seat-001', 'Standard'),
	(3070, 7, 'Seat-002', 'Standard'),
	(3071, 7, 'Seat-102', 'Standard'),
	(3072, 7, 'Seat-002', 'Standard'),
	(3073, 7, 'Seat-003', 'Standard'),
	(3074, 7, 'Seat-103', 'Standard'),
	(3075, 7, 'Seat-003', 'Standard'),
	(3076, 7, 'Seat-004', 'Standard'),
	(3077, 7, 'Seat-104', 'Standard'),
	(3078, 7, 'Seat-004', 'Standard'),
	(3079, 7, 'Seat-005', 'Standard'),
	(3080, 7, 'Seat-105', 'Standard'),
	(3081, 7, 'Seat-005', 'Standard'),
	(3082, 7, 'Seat-006', 'Standard'),
	(3083, 7, 'Seat-106', 'Standard'),
	(3084, 7, 'Seat-006', 'Standard'),
	(3085, 7, 'Seat-007', 'Standard'),
	(3086, 7, 'Seat-107', 'Standard'),
	(3087, 7, 'Seat-007', 'Standard'),
	(3088, 7, 'Seat-008', 'Standard'),
	(3089, 7, 'Seat-108', 'Standard'),
	(3090, 7, 'Seat-008', 'Standard'),
	(3091, 7, 'Seat-009', 'Standard'),
	(3092, 7, 'Seat-109', 'Standard'),
	(3093, 7, 'Seat-009', 'Standard'),
	(3094, 7, 'Seat-010', 'Standard'),
	(3095, 7, 'Seat-110', 'Standard'),
	(3096, 7, 'Seat-010', 'Standard'),
	(3097, 7, 'Seat-011', 'Standard'),
	(3098, 7, 'Seat-111', 'Standard'),
	(3099, 7, 'Seat-011', 'Standard'),
	(3100, 7, 'Seat-012', 'Standard'),
	(3101, 7, 'Seat-112', 'Standard'),
	(3102, 7, 'Seat-012', 'Standard'),
	(3103, 7, 'Seat-013', 'Standard'),
	(3104, 7, 'Seat-113', 'Standard'),
	(3105, 7, 'Seat-013', 'Standard'),
	(3106, 7, 'Seat-014', 'Standard'),
	(3107, 7, 'Seat-114', 'Standard'),
	(3108, 7, 'Seat-014', 'Standard'),
	(3109, 7, 'Seat-015', 'Standard'),
	(3110, 7, 'Seat-115', 'Standard'),
	(3111, 7, 'Seat-015', 'Standard'),
	(3112, 7, 'Seat-016', 'Standard'),
	(3113, 7, 'Seat-116', 'Standard'),
	(3114, 7, 'Seat-016', 'Standard'),
	(3115, 7, 'Seat-017', 'Standard'),
	(3116, 7, 'Seat-117', 'Standard'),
	(3117, 7, 'Seat-017', 'Standard'),
	(3118, 7, 'Seat-018', 'Standard'),
	(3119, 7, 'Seat-118', 'Standard'),
	(3120, 7, 'Seat-018', 'Standard'),
	(3121, 7, 'Seat-019', 'Standard'),
	(3122, 7, 'Seat-119', 'Standard'),
	(3123, 7, 'Seat-019', 'Standard'),
	(3124, 7, 'Seat-020', 'Standard'),
	(3125, 7, 'Seat-120', 'Standard'),
	(3126, 7, 'Seat-020', 'Standard'),
	(3127, 7, 'Seat-021', 'Standard'),
	(3128, 7, 'Seat-121', 'Standard'),
	(3129, 7, 'Seat-021', 'Standard'),
	(3130, 7, 'Seat-022', 'Standard'),
	(3131, 7, 'Seat-122', 'Standard'),
	(3132, 7, 'Seat-022', 'Standard'),
	(3133, 7, 'Seat-023', 'Standard'),
	(3134, 7, 'Seat-123', 'Standard'),
	(3135, 7, 'Seat-023', 'Standard'),
	(3136, 7, 'Seat-024', 'Standard'),
	(3137, 7, 'Seat-124', 'Standard'),
	(3138, 7, 'Seat-024', 'Standard'),
	(3139, 7, 'Seat-025', 'Standard'),
	(3140, 7, 'Seat-125', 'Standard'),
	(3141, 7, 'Seat-025', 'Standard'),
	(3142, 7, 'Seat-026', 'Standard'),
	(3143, 7, 'Seat-126', 'Standard'),
	(3144, 7, 'Seat-026', 'Standard'),
	(3145, 7, 'Seat-027', 'Standard'),
	(3146, 7, 'Seat-127', 'Standard'),
	(3147, 7, 'Seat-027', 'Standard'),
	(3148, 7, 'Seat-028', 'Standard'),
	(3149, 7, 'Seat-128', 'Standard'),
	(3150, 7, 'Seat-028', 'Standard'),
	(3151, 7, 'Seat-029', 'Standard'),
	(3152, 7, 'Seat-129', 'Standard'),
	(3153, 7, 'Seat-029', 'Standard'),
	(3154, 7, 'Seat-030', 'Standard'),
	(3155, 7, 'Seat-130', 'Standard'),
	(3156, 7, 'Seat-030', 'Standard'),
	(3157, 7, 'Seat-031', 'Standard'),
	(3158, 7, 'Seat-131', 'Standard'),
	(3159, 7, 'Seat-031', 'Standard'),
	(3160, 7, 'Seat-032', 'Standard'),
	(3161, 7, 'Seat-132', 'Standard'),
	(3162, 7, 'Seat-032', 'Standard'),
	(3163, 7, 'Seat-033', 'Standard'),
	(3164, 7, 'Seat-133', 'Standard'),
	(3165, 7, 'Seat-033', 'Standard'),
	(3166, 7, 'Seat-034', 'Standard'),
	(3167, 7, 'Seat-134', 'Standard'),
	(3168, 7, 'Seat-034', 'Standard'),
	(3169, 7, 'Seat-035', 'Standard'),
	(3170, 7, 'Seat-135', 'Standard'),
	(3171, 7, 'Seat-035', 'Standard'),
	(3172, 7, 'Seat-036', 'Standard'),
	(3173, 7, 'Seat-136', 'Standard'),
	(3174, 7, 'Seat-036', 'Standard'),
	(3175, 7, 'Seat-037', 'Standard'),
	(3176, 7, 'Seat-137', 'Standard'),
	(3177, 7, 'Seat-037', 'Standard'),
	(3178, 7, 'Seat-038', 'Standard'),
	(3179, 7, 'Seat-138', 'Standard'),
	(3180, 7, 'Seat-038', 'Standard'),
	(3181, 7, 'Seat-039', 'Standard'),
	(3182, 7, 'Seat-139', 'Standard'),
	(3183, 7, 'Seat-039', 'Standard'),
	(3184, 7, 'Seat-040', 'Standard'),
	(3185, 7, 'Seat-140', 'Standard'),
	(3186, 7, 'Seat-040', 'Standard'),
	(3187, 7, 'Seat-041', 'Standard'),
	(3188, 7, 'Seat-141', 'Standard'),
	(3189, 7, 'Seat-041', 'Standard'),
	(3190, 7, 'Seat-042', 'Standard'),
	(3191, 7, 'Seat-142', 'Standard'),
	(3192, 7, 'Seat-042', 'Standard'),
	(3193, 7, 'Seat-043', 'Standard'),
	(3194, 7, 'Seat-143', 'Standard'),
	(3195, 7, 'Seat-043', 'Standard'),
	(3196, 7, 'Seat-044', 'Standard'),
	(3197, 7, 'Seat-144', 'Standard'),
	(3198, 7, 'Seat-044', 'Standard'),
	(3199, 7, 'Seat-045', 'Standard'),
	(3200, 7, 'Seat-145', 'Standard'),
	(3201, 7, 'Seat-045', 'Standard'),
	(3202, 7, 'Seat-046', 'Standard'),
	(3203, 7, 'Seat-146', 'Standard'),
	(3204, 7, 'Seat-046', 'Standard'),
	(3205, 7, 'Seat-047', 'Standard'),
	(3206, 7, 'Seat-147', 'Standard'),
	(3207, 7, 'Seat-047', 'Standard'),
	(3208, 7, 'Seat-048', 'Standard'),
	(3209, 7, 'Seat-148', 'Standard'),
	(3210, 7, 'Seat-048', 'Standard'),
	(3211, 7, 'Seat-049', 'Standard'),
	(3212, 7, 'Seat-149', 'Standard'),
	(3213, 7, 'Seat-049', 'Standard'),
	(3214, 7, 'Seat-050', 'Standard'),
	(3215, 7, 'Seat-150', 'Standard'),
	(3216, 7, 'Seat-050', 'Standard'),
	(3217, 7, 'Seat-051', 'Standard'),
	(3218, 7, 'Seat-151', 'Standard'),
	(3219, 7, 'Seat-051', 'Standard'),
	(3220, 7, 'Seat-052', 'Standard'),
	(3221, 7, 'Seat-152', 'Standard'),
	(3222, 7, 'Seat-052', 'Standard'),
	(3223, 7, 'Seat-053', 'Standard'),
	(3224, 7, 'Seat-153', 'Standard'),
	(3225, 7, 'Seat-053', 'Standard'),
	(3226, 7, 'Seat-054', 'Standard'),
	(3227, 7, 'Seat-154', 'Standard'),
	(3228, 7, 'Seat-054', 'Standard'),
	(3229, 7, 'Seat-055', 'Standard'),
	(3230, 7, 'Seat-155', 'Standard'),
	(3231, 7, 'Seat-055', 'Standard'),
	(3232, 7, 'Seat-056', 'Standard'),
	(3233, 7, 'Seat-156', 'Standard'),
	(3234, 7, 'Seat-056', 'Standard'),
	(3235, 7, 'Seat-057', 'Standard'),
	(3236, 7, 'Seat-157', 'Standard'),
	(3237, 7, 'Seat-057', 'Standard'),
	(3238, 7, 'Seat-058', 'Standard'),
	(3239, 7, 'Seat-158', 'Standard'),
	(3240, 7, 'Seat-058', 'Standard'),
	(3241, 7, 'Seat-059', 'Standard'),
	(3242, 7, 'Seat-159', 'Standard'),
	(3243, 7, 'Seat-059', 'Standard'),
	(3244, 7, 'Seat-060', 'Standard'),
	(3245, 7, 'Seat-160', 'Standard'),
	(3246, 7, 'Seat-060', 'Standard'),
	(3247, 7, 'Seat-061', 'Standard'),
	(3248, 7, 'Seat-161', 'Standard'),
	(3249, 7, 'Seat-061', 'Standard'),
	(3250, 7, 'Seat-062', 'Standard'),
	(3251, 7, 'Seat-162', 'Standard'),
	(3252, 7, 'Seat-062', 'Standard'),
	(3253, 7, 'Seat-063', 'Standard'),
	(3254, 7, 'Seat-163', 'Standard'),
	(3255, 7, 'Seat-063', 'Standard'),
	(3256, 7, 'Seat-064', 'Standard'),
	(3257, 7, 'Seat-164', 'Standard'),
	(3258, 7, 'Seat-064', 'Standard'),
	(3259, 7, 'Seat-065', 'Standard'),
	(3260, 7, 'Seat-165', 'Standard'),
	(3261, 7, 'Seat-065', 'Standard'),
	(3262, 7, 'Seat-066', 'Standard'),
	(3263, 7, 'Seat-166', 'Standard'),
	(3264, 7, 'Seat-066', 'Standard'),
	(3265, 7, 'Seat-067', 'Standard'),
	(3266, 7, 'Seat-167', 'Standard'),
	(3267, 7, 'Seat-067', 'Standard'),
	(3268, 7, 'Seat-068', 'Standard'),
	(3269, 7, 'Seat-168', 'Standard'),
	(3270, 7, 'Seat-068', 'Standard'),
	(3271, 7, 'Seat-069', 'Standard'),
	(3272, 7, 'Seat-169', 'Standard'),
	(3273, 7, 'Seat-069', 'Standard'),
	(3274, 7, 'Seat-070', 'Standard'),
	(3275, 7, 'Seat-170', 'Standard'),
	(3276, 7, 'Seat-070', 'Standard'),
	(3277, 7, 'Seat-071', 'Standard'),
	(3278, 7, 'Seat-171', 'Standard'),
	(3279, 7, 'Seat-071', 'Standard'),
	(3280, 7, 'Seat-072', 'Standard'),
	(3281, 7, 'Seat-172', 'Standard'),
	(3282, 7, 'Seat-072', 'Standard'),
	(3283, 7, 'Seat-073', 'Standard'),
	(3284, 7, 'Seat-173', 'Standard'),
	(3285, 7, 'Seat-073', 'Standard'),
	(3286, 7, 'Seat-074', 'Standard'),
	(3287, 7, 'Seat-174', 'Standard'),
	(3288, 7, 'Seat-074', 'Standard'),
	(3289, 7, 'Seat-075', 'Standard'),
	(3290, 7, 'Seat-175', 'Standard'),
	(3291, 7, 'Seat-075', 'Standard'),
	(3292, 7, 'Seat-076', 'Standard'),
	(3293, 7, 'Seat-176', 'Standard'),
	(3294, 7, 'Seat-076', 'Standard'),
	(3295, 7, 'Seat-077', 'Standard'),
	(3296, 7, 'Seat-177', 'Standard'),
	(3297, 7, 'Seat-077', 'Standard'),
	(3298, 7, 'Seat-078', 'Standard'),
	(3299, 7, 'Seat-178', 'Standard'),
	(3300, 7, 'Seat-078', 'Standard'),
	(3301, 7, 'Seat-079', 'Standard'),
	(3302, 7, 'Seat-179', 'Standard'),
	(3303, 7, 'Seat-079', 'Standard'),
	(3304, 7, 'Seat-080', 'Standard'),
	(3305, 7, 'Seat-180', 'Standard'),
	(3306, 7, 'Seat-080', 'Standard'),
	(3307, 7, 'Seat-081', 'Standard'),
	(3308, 7, 'Seat-181', 'Standard'),
	(3309, 7, 'Seat-081', 'Standard'),
	(3310, 7, 'Seat-082', 'Standard'),
	(3311, 7, 'Seat-182', 'Standard'),
	(3312, 7, 'Seat-082', 'Standard'),
	(3313, 7, 'Seat-083', 'Standard'),
	(3314, 7, 'Seat-183', 'Standard'),
	(3315, 7, 'Seat-083', 'Standard'),
	(3316, 7, 'Seat-084', 'Standard'),
	(3317, 7, 'Seat-184', 'Standard'),
	(3318, 7, 'Seat-084', 'Standard'),
	(3319, 7, 'Seat-085', 'Standard'),
	(3320, 7, 'Seat-185', 'Standard'),
	(3321, 7, 'Seat-085', 'Standard'),
	(3322, 7, 'Seat-086', 'Standard'),
	(3323, 7, 'Seat-186', 'Standard'),
	(3324, 7, 'Seat-086', 'Standard'),
	(3325, 7, 'Seat-087', 'Standard'),
	(3326, 7, 'Seat-187', 'Standard'),
	(3327, 7, 'Seat-087', 'Standard'),
	(3328, 7, 'Seat-088', 'Standard'),
	(3329, 7, 'Seat-188', 'Standard'),
	(3330, 7, 'Seat-088', 'Standard'),
	(3331, 7, 'Seat-089', 'Standard'),
	(3332, 7, 'Seat-189', 'Standard'),
	(3333, 7, 'Seat-089', 'Standard'),
	(3334, 7, 'Seat-090', 'Standard'),
	(3335, 7, 'Seat-190', 'Standard'),
	(3336, 7, 'Seat-090', 'Standard'),
	(3337, 7, 'Seat-091', 'Standard'),
	(3338, 7, 'Seat-191', 'Standard'),
	(3339, 7, 'Seat-091', 'Standard'),
	(3340, 7, 'Seat-092', 'Standard'),
	(3341, 7, 'Seat-192', 'Standard'),
	(3342, 7, 'Seat-092', 'Standard'),
	(3343, 7, 'Seat-093', 'Standard'),
	(3344, 7, 'Seat-193', 'Standard'),
	(3345, 7, 'Seat-093', 'Standard'),
	(3346, 7, 'Seat-094', 'Standard'),
	(3347, 7, 'Seat-194', 'Standard'),
	(3348, 7, 'Seat-094', 'Standard'),
	(3349, 7, 'Seat-095', 'Standard'),
	(3350, 7, 'Seat-195', 'Standard'),
	(3351, 7, 'Seat-095', 'Standard'),
	(3352, 7, 'Seat-096', 'Standard'),
	(3353, 7, 'Seat-196', 'Standard'),
	(3354, 7, 'Seat-096', 'Standard'),
	(3355, 7, 'Seat-097', 'Standard'),
	(3356, 7, 'Seat-197', 'Standard'),
	(3357, 7, 'Seat-097', 'Standard'),
	(3358, 7, 'Seat-098', 'Standard'),
	(3359, 7, 'Seat-198', 'Standard'),
	(3360, 7, 'Seat-098', 'Standard'),
	(3361, 7, 'Seat-099', 'Standard'),
	(3362, 7, 'Seat-199', 'Standard'),
	(3363, 7, 'Seat-099', 'Standard'),
	(3364, 7, 'Seat-100', 'Standard'),
	(3365, 7, 'Seat-200', 'Standard'),
	(3366, 7, 'Seat-100', 'Standard'),
	(3578, 8, 'Seat-001', 'Standard'),
	(3579, 8, 'Seat-011', 'Standard'),
	(3580, 8, 'Seat-021', 'Standard'),
	(3581, 8, 'Seat-031', 'Standard'),
	(3582, 8, 'Seat-041', 'Standard'),
	(3583, 8, 'Seat-002', 'Standard'),
	(3584, 8, 'Seat-012', 'Standard'),
	(3585, 8, 'Seat-022', 'Standard'),
	(3586, 8, 'Seat-032', 'Standard'),
	(3587, 8, 'Seat-042', 'Standard'),
	(3588, 8, 'Seat-003', 'Standard'),
	(3589, 8, 'Seat-013', 'Standard'),
	(3590, 8, 'Seat-023', 'Standard'),
	(3591, 8, 'Seat-033', 'Standard'),
	(3592, 8, 'Seat-043', 'Standard'),
	(3593, 8, 'Seat-004', 'Standard'),
	(3594, 8, 'Seat-014', 'Standard'),
	(3595, 8, 'Seat-024', 'Standard'),
	(3596, 8, 'Seat-034', 'Standard'),
	(3597, 8, 'Seat-044', 'Standard'),
	(3598, 8, 'Seat-005', 'Standard'),
	(3599, 8, 'Seat-015', 'Standard'),
	(3600, 8, 'Seat-025', 'Standard'),
	(3601, 8, 'Seat-035', 'Standard'),
	(3602, 8, 'Seat-045', 'Standard'),
	(3603, 8, 'Seat-006', 'Standard'),
	(3604, 8, 'Seat-016', 'Standard'),
	(3605, 8, 'Seat-026', 'Standard'),
	(3606, 8, 'Seat-036', 'Standard'),
	(3607, 8, 'Seat-046', 'Standard'),
	(3608, 8, 'Seat-007', 'Standard'),
	(3609, 8, 'Seat-017', 'Standard'),
	(3610, 8, 'Seat-027', 'Standard'),
	(3611, 8, 'Seat-037', 'Standard'),
	(3612, 8, 'Seat-047', 'Standard'),
	(3613, 8, 'Seat-008', 'Standard'),
	(3614, 8, 'Seat-018', 'Standard'),
	(3615, 8, 'Seat-028', 'Standard'),
	(3616, 8, 'Seat-038', 'Standard'),
	(3617, 8, 'Seat-048', 'Standard'),
	(3618, 8, 'Seat-009', 'Standard'),
	(3619, 8, 'Seat-019', 'Standard'),
	(3620, 8, 'Seat-029', 'Standard'),
	(3621, 8, 'Seat-039', 'Standard'),
	(3622, 8, 'Seat-049', 'Standard'),
	(3623, 8, 'Seat-010', 'Standard'),
	(3624, 8, 'Seat-020', 'Standard'),
	(3625, 8, 'Seat-030', 'Standard'),
	(3626, 8, 'Seat-040', 'Standard'),
	(3627, 8, 'Seat-050', 'Standard');

-- 테이블 movie_book.showtimes 구조 내보내기
CREATE TABLE IF NOT EXISTS `showtimes` (
  `showtime_id` int(11) NOT NULL AUTO_INCREMENT,
  `movie_id` int(11) DEFAULT NULL,
  `theater_id` int(11) DEFAULT NULL,
  `start_time` datetime NOT NULL,
  `end_time` datetime NOT NULL,
  PRIMARY KEY (`showtime_id`),
  KEY `movie_id` (`movie_id`),
  KEY `theater_id` (`theater_id`),
  CONSTRAINT `showtimes_ibfk_1` FOREIGN KEY (`movie_id`) REFERENCES `movies` (`movie_id`),
  CONSTRAINT `showtimes_ibfk_2` FOREIGN KEY (`theater_id`) REFERENCES `theaters` (`theater_id`)
) ENGINE=InnoDB AUTO_INCREMENT=21 DEFAULT CHARSET=utf8mb4 COLLATE=utf8mb4_general_ci;

-- 테이블 데이터 movie_book.showtimes:~20 rows (대략적) 내보내기
INSERT INTO `showtimes` (`showtime_id`, `movie_id`, `theater_id`, `start_time`, `end_time`) VALUES
	(1, 1, 1, '2024-07-15 13:00:00', '2024-07-15 15:26:00'),
	(2, 1, 2, '2024-07-15 14:30:00', '2024-07-15 16:56:00'),
	(3, 2, 3, '2024-07-15 16:00:00', '2024-07-15 18:07:00'),
	(4, 2, 4, '2024-07-15 18:30:00', '2024-07-15 20:37:00'),
	(5, 3, 5, '2024-07-15 12:00:00', '2024-07-15 14:15:00'),
	(6, 3, 6, '2024-07-15 15:00:00', '2024-07-15 17:15:00'),
	(7, 4, 7, '2024-07-15 17:00:00', '2024-07-15 19:38:00'),
	(8, 4, 8, '2024-07-15 19:30:00', '2024-07-15 22:08:00'),
	(9, 5, 1, '2024-07-16 14:00:00', '2024-07-16 16:09:00'),
	(10, 5, 3, '2024-07-16 16:30:00', '2024-07-16 18:39:00'),
	(11, 6, 2, '2024-07-16 18:00:00', '2024-07-16 20:12:00'),
	(12, 6, 4, '2024-07-16 20:30:00', '2024-07-16 22:42:00'),
	(13, 7, 5, '2024-07-16 12:30:00', '2024-07-16 14:58:00'),
	(14, 7, 6, '2024-07-16 15:30:00', '2024-07-16 17:58:00'),
	(15, 8, 7, '2024-07-16 17:30:00', '2024-07-16 19:49:00'),
	(16, 8, 8, '2024-07-16 20:00:00', '2024-07-16 22:19:00'),
	(17, 9, 1, '2024-07-17 13:30:00', '2024-07-17 15:47:00'),
	(18, 9, 2, '2024-07-17 16:00:00', '2024-07-17 18:17:00'),
	(19, 10, 3, '2024-07-17 18:30:00', '2024-07-17 20:47:00'),
	(20, 10, 4, '2024-07-17 21:00:00', '2024-07-17 23:17:00');

-- 테이블 movie_book.theaters 구조 내보내기
CREATE TABLE IF NOT EXISTS `theaters` (
  `theater_id` int(11) NOT NULL AUTO_INCREMENT,
  `theater_name` varchar(255) NOT NULL,
  `location` varchar(255) DEFAULT NULL,
  `capacity` int(11) NOT NULL,
  PRIMARY KEY (`theater_id`)
) ENGINE=InnoDB AUTO_INCREMENT=9 DEFAULT CHARSET=utf8mb4 COLLATE=utf8mb4_general_ci;

-- 테이블 데이터 movie_book.theaters:~8 rows (대략적) 내보내기
INSERT INTO `theaters` (`theater_id`, `theater_name`, `location`, `capacity`) VALUES
	(1, 'Cineplex Grand', '123 Main St, Los Angeles, CA', 250),
	(2, 'Movieland', '456 Elm St, New York, NY', 300),
	(3, 'Cinema Palace', '789 Oak St, Chicago, IL', 200),
	(4, 'Star Theater', '101 Maple Ave, San Francisco, CA', 180),
	(5, 'Galaxy Cinemas', '202 Pine Rd, Houston, TX', 220),
	(6, 'Regal Cinemas', '303 Cedar Ln, Miami, FL', 270),
	(7, 'Mega Movies', '404 Birch Blvd, Seattle, WA', 240),
	(8, 'The Alex', '555 Broadway, New York, NY', 260);

-- 테이블 movie_book.users 구조 내보내기
CREATE TABLE IF NOT EXISTS `users` (
  `user_id` int(11) NOT NULL AUTO_INCREMENT,
  `username` varchar(50) NOT NULL,
  `user_password` varchar(255) NOT NULL,
  `email` varchar(255) NOT NULL,
  `phone` varchar(20) DEFAULT NULL,
  `created_at` datetime DEFAULT current_timestamp(),
  PRIMARY KEY (`user_id`),
  UNIQUE KEY `username` (`username`),
  UNIQUE KEY `email` (`email`)
) ENGINE=InnoDB AUTO_INCREMENT=52 DEFAULT CHARSET=utf8mb4 COLLATE=utf8mb4_general_ci;

-- 테이블 데이터 movie_book.users:~51 rows (대략적) 내보내기
INSERT INTO `users` (`user_id`, `username`, `user_password`, `email`, `phone`, `created_at`) VALUES
	(1, 'Alice', '1234', 'alice@example.com', '010-1234-0001', '2023-01-01 10:00:00'),
	(2, 'Bob', '1234', 'bob@example.com', '010-1234-0002', '2023-01-02 10:00:00'),
	(3, 'Charlie', '1234', 'charlie@example.com', '010-1234-0003', '2023-01-03 10:00:00'),
	(4, 'David', '1234', 'david@example.com', '010-1234-0004', '2023-01-04 10:00:00'),
	(5, 'Eve', '1234', 'eve@example.com', '010-1234-0005', '2023-01-05 10:00:00'),
	(6, 'Frank', '1234', 'frank@example.com', '010-1234-0006', '2023-01-06 10:00:00'),
	(7, 'Grace', '1234', 'grace@example.com', '010-1234-0007', '2023-01-07 10:00:00'),
	(8, 'Hank', '1234', 'hank@example.com', '010-1234-0008', '2023-01-08 10:00:00'),
	(9, 'Ivy', '1234', 'ivy@example.com', '010-1234-0009', '2023-01-09 10:00:00'),
	(10, 'Jack', '1234', 'jack@example.com', '010-1234-0010', '2023-01-10 10:00:00'),
	(11, 'Katie', '1234', 'katie@example.com', '010-1234-0011', '2023-01-11 10:00:00'),
	(12, 'Leo', '1234', 'leo@example.com', '010-1234-0012', '2023-01-12 10:00:00'),
	(13, 'Mia', '1234', 'mia@example.com', '010-1234-0013', '2023-01-13 10:00:00'),
	(14, 'Nina', '1234', 'nina@example.com', '010-1234-0014', '2023-01-14 10:00:00'),
	(15, 'Oscar', '1234', 'oscar@example.com', '010-1234-0015', '2023-01-15 10:00:00'),
	(16, 'Paul', '1234', 'paul@example.com', '010-1234-0016', '2023-01-16 10:00:00'),
	(17, 'Quinn', '1234', 'quinn@example.com', '010-1234-0017', '2023-01-17 10:00:00'),
	(18, 'Rose', '1234', 'rose@example.com', '010-1234-0018', '2023-01-18 10:00:00'),
	(19, 'Sam', '1234', 'sam@example.com', '010-1234-0019', '2023-01-19 10:00:00'),
	(20, 'Tina', '1234', 'tina@example.com', '010-1234-0020', '2023-01-20 10:00:00'),
	(21, 'Uma', '1234', 'uma@example.com', '010-1234-0021', '2023-01-21 10:00:00'),
	(22, 'Vince', '1234', 'vince@example.com', '010-1234-0022', '2023-01-22 10:00:00'),
	(23, 'Wendy', '1234', 'wendy@example.com', '010-1234-0023', '2023-01-23 10:00:00'),
	(24, 'Xander', '1234', 'xander@example.com', '010-1234-0024', '2023-01-24 10:00:00'),
	(25, 'Yara', '1234', 'yara@example.com', '010-1234-0025', '2023-01-25 10:00:00'),
	(26, 'Zack', '1234', 'zack@example.com', '010-1234-0026', '2023-01-26 10:00:00'),
	(27, 'Adam', '1234', 'adam@example.com', '010-1234-0027', '2023-01-27 10:00:00'),
	(28, 'Bella', '1234', 'bella@example.com', '010-1234-0028', '2023-01-28 10:00:00'),
	(29, 'Cathy', '1234', 'cathy@example.com', '010-1234-0029', '2023-01-29 10:00:00'),
	(30, 'Dylan', '1234', 'dylan@example.com', '010-1234-0030', '2023-01-30 10:00:00'),
	(31, 'Ella', '1234', 'ella@example.com', '010-1234-0031', '2023-01-31 10:00:00'),
	(32, 'Finn', '1234', 'finn@example.com', '010-1234-0032', '2023-02-01 10:00:00'),
	(33, 'Gina', '1234', 'gina@example.com', '010-1234-0033', '2023-02-02 10:00:00'),
	(34, 'Harry', '1234', 'harry@example.com', '010-1234-0034', '2023-02-03 10:00:00'),
	(35, 'Isla', '1234', 'isla@example.com', '010-1234-0035', '2023-02-04 10:00:00'),
	(36, 'Jake', '1234', 'jake@example.com', '010-1234-0036', '2023-02-05 10:00:00'),
	(37, 'Kara', '1234', 'kara@example.com', '010-1234-0037', '2023-02-06 10:00:00'),
	(38, 'Liam', '1234', 'liam@example.com', '010-1234-0038', '2023-02-07 10:00:00'),
	(39, 'Mona', '1234', 'mona@example.com', '010-1234-0039', '2023-02-08 10:00:00'),
	(40, 'Nate', '1234', 'nate@example.com', '010-1234-0040', '2023-02-09 10:00:00'),
	(41, 'Olive', '1234', 'olive@example.com', '010-1234-0041', '2023-02-10 10:00:00'),
	(42, 'Pete', '1234', 'pete@example.com', '010-1234-0042', '2023-02-11 10:00:00'),
	(43, 'Quincy', '1234', 'quincy@example.com', '010-1234-0043', '2023-02-12 10:00:00'),
	(44, 'Rita', '1234', 'rita@example.com', '010-1234-0044', '2023-02-13 10:00:00'),
	(45, 'Steve', '1234', 'steve@example.com', '010-1234-0045', '2023-02-14 10:00:00'),
	(46, 'Tara', '1234', 'tara@example.com', '010-1234-0046', '2023-02-15 10:00:00'),
	(47, 'Ursula', '1234', 'ursula@example.com', '010-1234-0047', '2023-02-16 10:00:00'),
	(48, 'Victor', '1234', 'victor@example.com', '010-1234-0048', '2023-02-17 10:00:00'),
	(49, 'Willa', '1234', 'willa@example.com', '010-1234-0049', '2023-02-18 10:00:00'),
	(50, 'delmo', '12341', 'delmo@delmo.com', '010-9999-9999', '2023-02-19 10:00:00'),
	(51, 'admin', 'pbkdf2:sha256:600000$yn8yVRpbfINNYpgq$b2bf3d8568eb713293e021167423859fc4fad0c3c3bdd97d9302d5e9aa58f427', 'admin@admin.admin', NULL, '2024-07-19 10:39:17');

/*!40103 SET TIME_ZONE=IFNULL(@OLD_TIME_ZONE, 'system') */;
/*!40101 SET SQL_MODE=IFNULL(@OLD_SQL_MODE, '') */;
/*!40014 SET FOREIGN_KEY_CHECKS=IFNULL(@OLD_FOREIGN_KEY_CHECKS, 1) */;
/*!40101 SET CHARACTER_SET_CLIENT=@OLD_CHARACTER_SET_CLIENT */;
/*!40111 SET SQL_NOTES=IFNULL(@OLD_SQL_NOTES, 1) */;
